Date,Total Covid Cases,MURDER & NON-NEGL. MANSLAUGHTER,PETIT LARCENY,FORGERY,ROBBERY,HARRASSMENT 2,DANGEROUS WEAPONS,FELONY ASSAULT,THEFT-FRAUD,CRIMINAL TRESPASS,BURGLARY,SEX CRIMES,ARSON,ASSAULT 3 & RELATED OFFENSES,GRAND LARCENY,DANGEROUS DRUGS,RAPE,MISCELLANEOUS PENAL LAW,VEHICLE AND TRAFFIC LAWS,UNAUTHORIZED USE OF A VEHICLE,ADMINISTRATIVE CODE,CRIMINAL MISCHIEF & RELATED OF,GRAND LARCENY OF MOTOR VEHICLE,THEFT OF SERVICES,OTHER OFFENSES RELATED TO THEF,OFF. AGNST PUB ORD SENSBLTY &,OFFENSES INVOLVING FRAUD,POSSESSION OF STOLEN PROPERTY,OFFENSES AGAINST PUBLIC ADMINI,NYS LAWS-UNCLASSIFIED FELONY,BURGLAR'S TOOLS,FRAUDS,INTOXICATED & IMPAIRED DRIVING,OFFENSES AGAINST THE PERSON,PROSTITUTION & RELATED OFFENSES,OTHER STATE LAWS (NON PENAL LA,AGRICULTURE & MRKTS LAW-UNCLASSIFIED,KIDNAPPING & RELATED OFFENSES,PETIT LARCENY OF MOTOR VEHICLE,OFFENSES AGAINST PUBLIC SAFETY,FORTUNE TELLING,GAMBLING,ANTICIPATORY OFFENSES,ALCOHOLIC BEVERAGE CONTROL LAW,FELONY SEX CRIMES,CHILD ABANDONMENT/NON SUPPORT,DISORDERLY CONDUCT,OTHER STATE LAWS,FRAUDULENT ACCOSTING,"HOMICIDE-NEGLIGENT,UNCLASSIFIE",JOSTLING,KIDNAPPING,UNLAWFUL POSS. WEAP. ON SCHOOL,ESCAPE 3,NEW YORK CITY HEALTH CODE,ENDAN WELFARE INCOMP,NYS LAWS-UNCLASSIFIED VIOLATION,HOMICIDE-NEGLIGENT-VEHICLE,OFFENSES RELATED TO CHILDREN
03/01/2020,0,2,225,7,32,213,10,69,7,7,28,26,3,167,110,21,11,34,16,4,3,150,11,1,5,57,0,0,12,0,0,8,14,4,0,1,0,0,0,0,0,0,0,0,0,0,0,0,1,0,0,0,0,0,1,0,0,0,0
03/02/2020,0,1,243,12,29,223,12,56,9,9,39,11,4,123,143,36,1,27,19,6,7,134,15,0,4,53,2,3,10,1,0,2,7,2,0,0,1,0,0,0,0,0,0,0,0,0,0,0,0,0,0,0,0,0,0,0,0,0,0
03/03/2020,1,1,278,11,44,205,17,45,6,9,30,21,3,132,113,43,5,41,21,8,1,145,19,3,3,39,1,8,15,1,5,3,6,8,0,0,1,0,0,0,0,0,0,0,1,0,0,0,2,0,1,0,0,0,0,0,0,0,0
03/04/2020,5,0,232,10,35,229,26,45,5,9,44,15,3,141,113,71,5,40,20,7,1,147,10,1,1,35,6,3,27,2,0,2,10,1,4,0,0,0,0,0,0,0,0,0,0,0,0,0,0,0,0,0,0,0,0,0,0,0,0
03/05/2020,3,1,240,14,33,194,17,54,9,6,31,15,1,132,134,52,0,61,27,2,4,117,16,1,3,43,8,3,13,2,0,6,14,3,0,0,1,0,0,0,0,1,0,1,0,0,0,0,0,0,0,0,0,0,0,0,0,0,1
03/06/2020,8,0,214,8,30,188,16,46,9,6,44,14,2,125,117,60,2,39,15,5,1,135,15,1,4,62,3,3,9,5,0,6,8,4,0,1,0,0,0,0,0,0,0,0,0,0,0,0,0,0,0,0,0,0,0,0,0,0,0
03/07/2020,7,1,215,3,37,186,11,74,7,9,33,19,4,143,93,43,4,40,17,3,3,123,15,0,1,33,3,5,27,0,1,4,13,7,0,1,0,0,0,0,0,0,0,1,0,0,1,0,3,0,0,0,0,0,0,0,0,0,0
03/08/2020,21,1,196,4,39,191,11,79,4,4,25,9,4,161,96,14,2,40,29,4,4,124,18,0,4,36,1,3,20,0,0,2,12,3,0,0,0,0,0,0,0,0,0,2,0,0,0,0,0,0,0,0,0,0,0,0,0,0,0
03/09/2020,57,1,261,4,40,215,5,47,20,7,33,19,0,108,107,27,3,35,19,3,4,126,15,0,6,41,3,5,9,2,1,29,4,1,0,0,0,0,0,0,0,0,0,0,0,0,0,0,3,0,0,0,0,1,0,0,0,0,0
03/10/2020,69,0,272,14,41,195,18,71,9,5,35,25,5,129,101,49,0,31,19,7,1,163,19,2,2,54,5,7,26,1,1,2,2,3,0,3,2,0,1,0,0,0,0,0,0,0,0,0,0,0,0,0,0,0,0,0,0,0,0
03/11/2020,155,0,277,13,30,210,14,50,4,3,30,12,4,148,106,65,8,42,10,4,2,123,16,2,4,66,6,8,19,2,1,7,5,3,0,1,1,0,0,0,0,0,0,0,0,0,1,0,0,0,0,0,0,0,0,0,0,0,2
03/12/2020,355,1,221,7,44,196,18,54,6,11,31,19,1,126,118,42,2,44,16,4,1,128,11,3,6,37,2,4,19,0,2,4,7,0,0,2,0,0,0,0,0,0,0,0,0,0,0,0,1,1,0,0,0,0,0,0,0,0,0
03/13/2020,619,2,255,10,19,247,26,71,3,4,39,20,1,150,125,48,4,49,21,3,3,131,16,1,1,52,1,3,25,1,1,2,13,3,0,6,0,0,0,0,0,2,0,7,0,0,0,0,1,0,0,0,0,0,0,0,0,0,0
03/14/2020,642,1,229,6,32,194,14,62,5,5,37,9,1,160,69,20,2,44,27,3,2,161,19,0,3,43,1,2,16,1,0,3,16,4,0,0,0,0,0,0,0,0,0,0,0,0,0,0,1,0,0,0,0,0,0,0,0,1,0
03/15/2020,1035,0,215,7,37,177,11,63,8,2,35,5,2,144,87,13,1,36,16,8,3,127,25,0,2,40,1,4,20,1,0,5,27,2,0,0,0,0,0,0,0,0,0,0,0,0,0,0,0,0,0,0,0,0,0,0,0,0,0
03/16/2020,2121,1,229,3,23,187,3,48,9,4,30,14,2,93,83,18,0,29,11,5,0,105,22,1,2,31,1,1,14,0,0,10,7,6,0,1,0,0,0,0,0,0,0,0,0,0,0,0,0,0,0,0,0,0,0,0,0,0,0
03/17/2020,2452,0,189,4,25,172,8,42,6,7,29,8,2,111,94,17,1,35,11,4,1,142,18,0,1,18,2,2,13,1,0,2,2,2,0,0,0,0,0,0,0,0,0,0,0,0,1,0,0,0,0,0,0,0,0,0,0,0,0
03/18/2020,2971,0,204,6,31,173,21,58,7,5,32,13,3,111,86,36,3,39,4,9,2,148,12,0,1,33,2,2,17,0,1,3,3,4,9,0,1,0,0,0,0,0,0,0,0,0,0,0,0,0,0,0,0,0,0,0,0,0,0
03/19/2020,3706,0,181,6,27,141,11,38,5,7,26,13,1,101,74,26,2,42,9,11,0,110,20,0,1,32,6,3,18,3,0,4,2,1,0,0,0,0,1,0,0,1,0,0,0,0,0,0,0,0,0,0,0,0,0,0,0,0,0
03/20/2020,4006,1,206,9,30,163,9,55,8,4,53,9,1,115,83,38,4,29,7,2,4,140,19,0,1,41,3,1,19,1,3,4,3,2,0,0,0,0,0,0,0,1,0,0,0,0,0,0,0,0,0,0,0,0,0,0,0,0,0
03/21/2020,2639,0,171,2,45,174,17,65,1,3,32,8,3,126,74,15,3,34,3,4,4,99,13,0,0,33,1,3,15,1,1,6,11,0,1,2,0,0,0,0,0,0,0,2,1,1,0,0,0,0,0,0,0,0,0,0,0,0,0
03/22/2020,2580,0,141,1,31,133,3,30,2,6,27,6,0,104,48,8,0,27,1,2,1,107,11,0,1,30,0,2,9,1,0,0,2,1,0,0,0,0,0,1,0,1,0,0,0,0,0,0,0,0,0,0,0,0,0,0,0,0,0
03/23/2020,3570,0,161,1,18,133,1,30,3,6,37,5,1,78,54,6,1,39,5,5,1,108,13,0,1,31,1,3,10,1,0,5,1,0,0,0,0,0,0,0,0,0,0,0,0,0,0,0,0,0,0,0,0,0,0,0,0,0,0
03/24/2020,4498,0,156,0,28,138,11,41,2,8,43,4,1,84,52,15,3,32,4,1,2,114,22,0,1,27,0,3,12,0,0,2,3,2,0,1,0,1,0,0,0,0,0,0,0,0,0,0,0,0,0,0,0,0,0,0,0,0,0
03/25/2020,4875,0,172,1,31,165,8,48,3,5,37,10,2,73,52,19,3,22,3,4,4,102,13,1,2,28,1,2,20,1,0,2,1,1,0,0,1,0,0,0,0,0,0,0,0,0,0,0,0,0,0,0,0,0,0,0,0,0,0
03/26/2020,5044,3,169,6,25,130,10,32,6,3,28,8,0,79,47,12,2,40,6,3,4,105,19,0,1,30,0,3,10,2,2,2,2,5,0,1,0,0,0,0,0,0,0,0,0,0,0,0,0,0,0,0,0,0,0,0,0,0,0
03/27/2020,5119,1,181,3,21,145,16,50,1,6,38,8,3,100,50,23,1,35,10,5,5,109,23,0,0,26,0,2,16,1,1,1,7,6,0,0,0,0,2,0,0,0,0,0,0,0,0,0,0,1,0,0,0,0,0,0,0,0,0
03/28/2020,3479,1,162,4,21,140,7,45,3,4,35,10,1,77,43,3,4,41,5,1,2,112,19,0,1,30,0,1,5,1,0,2,8,1,0,0,0,0,1,0,0,0,0,1,0,0,0,0,0,0,0,0,0,0,0,0,0,0,0
03/29/2020,3560,0,135,0,17,97,5,43,1,6,25,7,3,85,41,7,2,20,3,0,1,76,17,0,0,26,0,0,7,1,0,1,3,2,0,0,1,0,0,0,0,0,0,0,0,0,1,0,0,0,0,0,0,0,0,0,0,0,0
03/30/2020,6129,0,161,0,27,124,6,42,7,2,51,9,1,93,63,3,1,40,3,4,2,110,17,0,0,34,0,1,10,0,1,1,0,0,0,0,0,0,0,0,0,0,0,0,0,0,0,0,0,0,0,0,0,0,0,0,0,0,0
03/31/2020,5458,0,154,2,25,140,7,42,3,6,32,2,1,87,47,2,0,27,4,2,3,103,18,0,2,20,0,4,17,1,1,3,2,3,0,1,0,0,1,0,0,0,0,0,0,0,0,0,0,0,0,0,0,0,0,0,0,0,0
04/01/2020,5449,1,152,2,19,137,9,44,13,2,49,17,3,107,83,15,5,29,2,8,2,155,11,0,0,36,0,7,8,2,1,1,1,3,0,0,0,0,0,0,0,0,0,0,0,0,0,0,0,0,0,0,0,0,0,0,0,0,0
04/02/2020,5747,0,146,3,19,141,8,39,0,4,33,7,6,86,56,15,4,27,4,4,2,103,14,0,0,31,0,2,13,2,2,2,2,5,0,1,0,0,1,0,0,0,0,0,0,0,0,0,0,0,0,0,0,0,0,0,0,0,0
04/03/2020,5669,0,148,4,17,137,7,31,4,4,31,6,1,85,57,12,2,24,5,1,1,93,23,0,0,36,2,0,10,0,0,3,4,3,0,1,0,0,0,0,0,0,0,0,0,0,0,0,0,0,0,0,0,0,0,0,0,0,0
04/04/2020,3864,1,144,4,23,122,7,41,1,6,35,8,2,90,47,12,2,26,5,5,1,80,14,0,1,32,1,3,8,0,0,3,1,0,0,0,0,1,0,0,0,0,0,0,0,0,0,0,0,0,0,0,0,0,0,0,0,0,0
04/05/2020,3780,0,120,4,26,113,4,53,4,5,31,4,0,59,51,2,6,23,4,10,2,101,21,0,0,26,0,2,11,1,0,0,4,2,0,1,1,0,0,0,0,0,0,0,0,0,0,0,0,0,0,0,0,0,0,0,0,0,0
04/06/2020,6353,2,141,1,15,119,10,46,8,1,42,1,1,75,64,1,2,34,6,2,2,102,20,0,1,25,1,4,8,1,0,8,1,1,0,2,0,0,1,0,0,0,0,0,0,0,0,0,0,0,0,0,0,0,0,0,0,0,0
04/07/2020,6044,2,130,1,22,137,12,43,2,1,44,4,1,81,55,19,3,35,7,5,1,81,27,0,0,18,2,3,19,1,1,2,2,1,0,1,1,0,0,0,0,0,0,0,0,0,0,0,0,0,0,0,0,0,0,0,0,0,0
04/08/2020,5576,2,173,2,30,145,9,41,1,1,39,7,1,93,55,12,1,31,7,3,1,111,29,0,0,24,1,5,18,2,1,3,2,2,0,0,1,0,1,1,0,1,0,0,0,0,0,0,0,0,0,0,0,0,0,0,0,0,0
04/09/2020,5070,1,165,2,26,98,16,26,6,11,34,4,1,90,57,14,1,21,4,5,2,113,18,0,2,29,0,3,13,0,2,3,2,0,0,2,0,0,0,0,0,0,0,0,0,0,0,0,0,0,0,0,0,0,1,0,0,0,0
04/10/2020,4510,2,151,9,19,130,12,35,6,4,46,6,2,55,56,5,0,29,5,3,0,119,24,0,0,26,0,3,12,0,0,3,2,3,0,2,0,0,1,0,0,0,0,0,0,0,0,0,0,1,0,0,0,0,0,0,0,0,0
04/11/2020,3733,3,150,0,31,128,7,40,4,7,27,8,2,91,42,9,1,28,11,5,2,90,25,0,1,23,2,0,11,0,0,1,5,3,0,0,1,0,1,0,0,0,0,0,0,0,0,0,0,0,0,0,0,0,0,0,0,0,0
04/12/2020,2888,0,158,1,20,148,8,37,4,8,34,6,4,90,42,8,1,38,9,4,2,111,18,0,2,26,0,1,12,0,0,2,3,2,0,2,0,0,0,0,0,1,0,0,0,0,0,0,0,0,0,0,0,0,0,0,0,0,0
04/13/2020,3311,2,163,4,28,130,3,35,4,7,46,7,3,85,69,1,0,18,4,0,3,106,16,0,1,25,0,1,5,3,1,3,3,0,0,0,0,0,1,0,0,0,0,0,0,0,0,0,0,0,0,0,0,0,0,0,0,0,0
04/14/2020,4144,3,168,6,41,154,8,37,9,5,31,5,2,76,54,10,3,25,10,5,3,140,17,0,0,19,0,2,9,3,2,5,4,2,0,1,0,1,1,0,0,0,0,0,0,0,0,0,0,0,0,0,0,0,0,0,0,0,0
04/15/2020,3876,4,155,2,23,117,18,38,11,8,42,11,5,88,71,15,5,25,5,5,1,131,21,0,0,30,1,4,13,3,2,1,6,1,0,1,1,0,0,0,0,1,0,0,0,0,0,0,0,0,0,0,0,0,0,0,0,0,0
04/16/2020,3530,0,155,4,21,129,13,29,5,7,35,4,1,74,51,17,4,27,2,4,3,105,13,0,2,31,2,1,8,4,0,1,1,1,0,0,1,0,1,0,0,0,0,0,0,0,0,0,0,0,0,0,0,0,0,0,0,0,0
04/17/2020,3586,0,169,1,21,138,13,34,3,12,36,7,5,73,59,14,2,27,7,7,2,134,18,0,1,31,1,1,10,0,1,3,4,0,0,1,1,0,0,0,0,0,0,0,0,1,0,0,0,0,0,0,0,0,0,0,0,0,0
04/18/2020,2172,1,136,0,18,144,11,39,4,5,42,12,0,90,55,13,4,21,5,4,2,131,22,0,3,21,1,1,13,0,4,3,1,1,0,0,1,0,1,1,0,1,0,1,0,0,0,0,0,0,0,0,0,0,0,0,0,0,0
04/19/2020,2344,3,151,3,24,135,6,49,2,6,55,5,1,78,45,5,0,41,8,5,3,136,17,1,0,35,1,2,15,1,3,0,1,2,0,0,2,0,1,0,0,0,0,0,0,0,0,0,0,0,0,0,0,0,0,0,0,0,0
04/20/2020,3792,2,207,1,18,151,5,48,10,2,43,11,6,105,69,5,4,34,6,3,4,115,16,0,2,37,1,2,10,2,1,4,2,0,0,0,0,0,0,1,0,1,0,0,0,0,0,0,0,0,0,0,0,0,0,0,0,0,0
04/21/2020,3063,3,193,1,32,122,12,33,3,10,45,9,2,88,72,10,1,33,5,3,2,133,11,0,1,20,2,2,16,0,3,7,4,2,1,0,0,0,1,0,0,0,0,0,0,0,0,0,0,0,0,0,0,0,0,0,0,0,0
04/22/2020,3447,0,184,4,23,158,18,40,6,15,34,4,2,98,66,21,3,18,6,4,2,108,22,0,1,29,2,4,19,1,2,5,2,2,0,2,0,0,0,0,0,1,0,0,0,0,0,0,0,0,0,0,0,0,0,1,0,0,0
04/23/2020,2841,0,185,2,23,136,14,41,1,2,44,5,2,78,61,23,1,28,7,0,2,124,26,0,0,22,2,4,23,0,0,2,3,3,0,3,0,0,1,0,0,0,0,0,0,0,0,0,0,0,0,0,0,0,0,1,0,0,0
04/24/2020,2535,1,181,1,22,111,6,37,2,11,38,13,1,79,50,29,0,27,7,2,3,97,22,0,0,35,4,3,11,2,0,1,6,1,0,0,0,0,0,0,0,0,0,0,0,0,0,0,0,0,0,0,0,0,0,0,0,0,0
04/25/2020,1595,1,172,0,32,155,14,69,4,5,41,9,1,104,55,17,2,39,13,5,3,119,17,0,3,43,2,4,17,0,0,2,6,3,0,0,0,0,2,0,0,2,0,0,0,0,0,0,0,0,0,0,0,0,0,1,0,0,0
04/26/2020,1003,0,153,0,22,149,3,47,0,4,32,7,3,86,44,6,2,15,3,0,3,96,13,0,1,26,0,2,8,0,2,2,6,1,0,0,2,0,1,0,0,0,0,0,0,0,0,0,0,0,0,0,0,0,0,0,0,0,0
04/27/2020,2290,0,199,1,21,152,9,39,4,7,29,11,3,79,70,15,1,28,4,2,3,112,11,0,0,30,0,2,15,1,1,2,0,1,0,1,1,0,1,0,0,0,0,0,0,0,0,0,0,0,0,0,0,0,0,0,0,0,0
04/28/2020,2726,0,166,3,10,153,22,34,4,10,41,10,1,107,79,23,4,37,13,6,1,137,25,0,2,29,0,8,24,0,0,2,2,2,0,0,0,0,1,2,0,3,0,0,0,0,0,0,0,0,0,0,0,0,0,0,0,0,0
04/29/2020,2340,0,185,7,21,132,23,40,7,11,43,14,0,84,44,36,2,41,5,5,2,125,13,0,0,30,3,13,16,1,3,2,1,4,0,0,0,0,1,0,0,0,0,0,0,0,0,0,0,0,0,0,0,0,0,1,0,0,0
04/30/2020,2022,0,184,2,25,115,7,43,6,4,50,8,1,85,57,20,3,30,3,5,2,102,19,0,1,31,1,8,14,2,3,4,7,4,0,0,0,1,0,0,0,0,0,1,0,0,0,0,0,0,0,0,0,0,0,0,0,0,0
05/01/2020,1887,0,208,4,22,171,9,51,10,5,34,18,1,101,87,33,6,43,8,1,1,175,28,0,0,46,1,3,23,1,2,7,6,0,0,2,0,2,2,0,0,2,0,0,0,0,0,0,0,0,0,0,0,0,0,0,0,0,0
05/02/2020,1058,1,173,7,31,184,30,74,4,9,33,10,0,125,57,24,2,35,7,4,2,119,16,0,0,37,2,7,25,0,1,2,10,5,0,1,0,0,0,0,0,3,0,0,0,0,0,0,0,0,0,0,0,0,0,0,0,0,0
05/03/2020,787,0,173,3,21,160,14,53,4,6,46,13,1,120,44,19,3,43,12,5,0,115,13,0,0,35,0,3,19,0,1,0,7,4,0,0,0,0,0,0,0,0,0,0,0,0,0,0,0,0,0,0,0,0,1,0,0,0,0
05/04/2020,1549,0,202,1,30,177,9,53,8,9,51,10,2,91,55,17,4,35,10,5,3,107,23,0,0,43,1,6,17,1,2,4,2,2,0,1,0,0,1,0,0,0,0,0,0,0,0,0,0,0,0,0,0,0,0,0,1,0,0
05/05/2020,1512,1,199,5,17,132,18,43,4,11,33,10,0,122,93,30,1,26,9,5,0,114,12,0,0,45,1,7,20,2,2,2,4,5,1,3,0,0,0,0,0,3,0,0,0,0,0,0,0,0,0,0,0,0,0,0,0,0,0
05/06/2020,1398,0,176,4,23,147,16,38,7,3,30,9,2,106,68,35,2,31,10,7,1,141,13,0,2,34,4,8,7,5,1,7,4,3,0,2,0,0,1,0,0,0,0,0,0,0,0,0,0,0,0,0,0,0,0,0,0,0,0
05/07/2020,1239,1,202,3,18,149,20,39,5,9,41,13,1,86,76,34,2,33,9,9,5,94,22,0,2,42,3,7,20,1,1,7,3,4,0,1,0,0,0,0,0,1,0,0,0,0,1,0,0,0,0,0,0,0,0,0,0,0,0
05/08/2020,1080,0,193,2,27,156,13,48,8,8,34,12,3,111,91,27,3,18,10,6,3,126,24,0,0,24,3,4,17,2,0,1,4,2,0,0,1,0,0,0,0,1,0,0,0,0,0,1,0,0,1,0,0,0,0,0,0,0,0
05/09/2020,657,0,211,6,19,132,3,41,1,6,48,10,2,108,61,12,1,24,9,3,2,85,22,0,0,28,1,3,14,0,1,0,3,0,0,2,0,0,0,0,0,0,0,0,0,0,0,1,0,0,0,0,0,0,0,0,0,0,0
05/10/2020,457,3,175,4,18,170,8,48,3,4,34,23,2,123,53,4,5,28,7,4,2,129,13,0,1,30,2,2,19,1,0,1,5,2,0,0,0,0,0,0,0,0,0,1,0,0,0,0,0,0,0,0,0,0,0,0,0,0,0
05/11/2020,1232,2,180,3,24,143,10,48,12,13,41,9,4,99,67,15,3,28,4,4,2,122,26,0,1,53,1,1,14,2,1,3,4,0,0,0,0,0,0,0,0,0,0,0,0,0,0,0,0,0,0,0,0,0,0,1,0,0,0
05/12/2020,1285,1,199,10,23,163,17,42,4,8,37,9,2,101,65,45,3,31,4,2,3,131,25,0,1,37,1,5,9,0,2,3,8,2,0,1,0,0,2,0,0,1,0,0,0,0,0,0,0,0,0,0,0,0,0,0,0,0,0
05/13/2020,1333,1,185,3,23,138,13,57,7,7,35,3,0,115,66,47,0,27,10,4,1,150,20,0,0,35,1,5,18,2,0,2,5,2,0,0,1,0,0,0,0,1,0,0,0,0,0,0,0,0,0,0,0,0,0,0,0,0,0
05/14/2020,1110,2,212,7,16,161,21,50,6,6,32,13,4,112,63,62,0,41,7,5,2,131,15,0,2,28,3,2,14,3,1,3,2,3,0,0,0,0,0,0,0,0,0,0,0,0,0,1,0,0,0,0,0,0,0,0,0,0,0
05/15/2020,873,1,192,3,17,180,14,65,9,13,38,12,1,112,78,47,3,51,12,4,4,125,24,0,1,47,1,3,20,4,2,5,7,3,0,1,0,0,0,0,0,3,0,3,0,0,1,0,0,0,0,0,0,0,0,0,0,0,0
05/16/2020,485,2,187,2,42,175,13,69,2,6,25,17,1,121,65,22,3,33,16,5,1,141,24,0,0,34,2,4,13,1,0,2,9,2,0,1,0,0,0,0,0,5,0,0,0,0,0,0,1,0,0,0,0,0,0,0,0,0,0
05/17/2020,360,0,164,4,26,154,15,53,4,7,25,7,2,140,53,9,6,23,15,8,2,123,15,0,1,37,1,0,13,1,2,3,4,3,0,0,1,0,0,0,0,1,0,0,0,0,0,0,1,0,0,0,0,0,0,0,0,0,0
05/18/2020,895,2,247,9,21,156,8,41,6,9,35,12,1,93,71,17,2,33,6,3,4,144,15,0,1,49,2,5,15,4,2,4,4,3,0,0,0,0,1,0,0,0,0,0,0,1,0,0,0,0,0,0,0,0,0,0,0,0,0
05/19/2020,1004,1,211,7,34,145,20,53,2,8,34,12,2,97,70,58,2,36,10,1,1,137,27,0,2,43,3,5,19,0,2,3,4,1,0,1,0,0,2,0,0,5,0,0,0,0,0,0,0,0,0,0,0,0,0,0,0,0,0
05/20/2020,1077,2,216,8,27,172,23,45,14,9,43,8,4,96,75,43,3,28,6,4,3,143,19,0,1,51,1,4,19,0,0,3,6,4,0,1,1,0,0,0,0,1,0,0,0,0,0,0,1,0,0,0,0,0,0,0,0,0,0
05/21/2020,1069,0,212,7,40,169,23,43,6,9,35,10,1,104,75,66,1,49,15,3,3,167,24,0,1,30,1,4,10,2,1,7,5,4,0,0,0,2,0,0,0,1,0,0,0,0,0,0,0,0,0,0,0,0,0,0,0,0,0
05/22/2020,1036,1,230,7,20,177,17,64,3,7,59,9,3,118,85,55,2,33,18,5,1,138,32,0,0,36,2,1,19,1,2,3,9,2,0,0,0,0,1,0,0,0,0,2,0,0,0,0,0,0,0,0,0,0,0,0,0,0,0
05/23/2020,455,1,195,5,26,168,14,51,1,4,41,6,1,96,48,37,2,30,7,1,2,121,21,0,0,35,3,3,13,2,0,2,11,2,0,0,0,0,0,0,0,0,0,0,0,0,0,0,0,0,0,0,0,0,0,0,0,0,0
05/24/2020,467,4,161,5,16,152,17,42,0,7,32,4,3,119,54,20,3,33,13,3,2,118,21,0,0,44,2,2,17,1,0,3,9,2,0,0,0,0,0,0,0,2,0,0,1,0,0,0,0,0,0,0,0,0,0,0,0,0,0
05/25/2020,464,2,189,2,30,142,17,44,5,5,43,16,4,145,60,18,2,33,13,4,4,114,23,0,0,42,0,6,11,1,0,2,7,2,0,0,1,0,0,0,0,2,0,1,0,0,0,0,0,0,0,0,0,0,0,0,0,0,0
05/26/2020,1050,1,230,7,37,171,18,73,9,8,28,4,1,119,79,40,0,34,18,7,2,115,26,1,1,44,1,5,17,1,0,4,9,3,1,1,0,0,0,0,0,4,0,1,0,0,1,0,0,0,0,0,0,0,0,0,0,0,0
05/27/2020,741,0,249,8,42,175,35,50,8,8,33,6,2,105,67,48,5,36,15,4,1,126,26,0,2,42,6,3,17,1,1,4,12,4,0,0,0,1,0,0,0,2,0,0,0,0,0,0,0,0,0,0,0,0,0,0,0,0,0
05/28/2020,646,4,224,7,33,170,21,59,3,11,27,14,2,110,71,46,2,34,10,6,2,138,23,0,0,52,1,2,43,1,0,5,4,6,0,2,0,0,0,0,0,5,0,0,0,0,0,0,0,0,0,0,0,0,0,0,0,0,0
05/29/2020,639,0,185,7,34,169,20,74,3,5,39,10,2,111,75,34,4,51,21,6,2,197,30,0,0,49,1,4,31,2,0,3,6,7,0,1,0,1,0,0,0,0,0,0,0,0,0,0,0,0,0,0,0,0,0,0,0,0,0
05/30/2020,346,1,159,0,22,155,7,84,3,3,45,13,12,132,66,6,3,40,14,4,5,234,33,0,1,55,1,2,26,1,1,2,2,2,0,1,0,0,0,0,0,0,0,0,0,0,0,0,0,0,0,0,0,0,0,0,0,0,0
05/31/2020,230,2,156,3,31,178,2,93,4,1,97,9,9,123,61,5,3,40,16,4,2,223,25,0,0,47,0,4,27,0,0,1,8,7,0,1,1,1,1,0,0,0,0,0,0,0,0,0,0,0,0,0,0,0,0,0,0,0,0
06/01/2020,686,3,193,2,60,184,10,71,12,7,442,23,8,114,81,3,10,30,5,4,1,363,32,0,1,74,0,66,36,5,5,7,0,5,0,0,0,0,0,0,0,0,0,0,0,0,0,0,0,0,0,0,0,0,0,0,0,0,0
06/02/2020,571,3,155,4,34,162,27,52,4,7,296,7,9,103,74,9,0,29,9,10,3,250,28,0,0,45,1,18,37,0,7,3,3,1,0,1,0,0,0,0,0,0,0,0,0,0,1,0,0,0,0,0,0,0,0,0,0,0,0
06/03/2020,515,1,176,1,17,155,15,44,7,7,53,7,9,75,67,14,2,28,14,2,1,149,9,0,0,38,1,2,20,0,3,2,2,2,0,0,1,0,0,0,0,0,0,0,0,0,0,1,0,0,0,0,0,0,0,0,0,0,0
06/04/2020,519,1,164,3,21,177,17,64,3,4,45,9,6,96,70,11,3,27,24,3,2,124,8,0,1,52,0,2,18,2,0,5,2,5,0,0,0,0,0,0,0,1,0,0,0,0,1,0,0,0,0,0,0,0,0,0,0,0,0
06/05/2020,402,3,186,4,27,163,8,49,1,3,47,4,2,93,60,9,3,25,12,4,1,121,22,0,0,30,1,2,21,0,1,3,4,2,1,1,1,0,1,0,0,0,0,0,0,0,0,2,0,1,0,0,0,0,0,0,0,0,0
06/06/2020,247,1,143,3,30,150,14,58,5,0,42,10,3,121,67,11,3,38,16,9,2,121,11,0,1,38,0,3,13,0,1,2,5,4,0,0,0,1,0,0,0,0,0,0,0,0,0,0,0,0,0,0,0,0,0,0,0,0,0
06/07/2020,197,4,155,1,29,160,10,63,1,8,30,14,7,125,55,7,3,26,13,5,5,105,14,0,1,41,0,2,13,0,1,2,9,3,0,3,0,1,1,0,0,0,0,0,0,0,1,0,0,0,0,0,0,0,0,0,0,0,0
06/08/2020,447,1,170,4,34,187,6,51,10,4,31,9,5,127,93,6,3,37,16,2,2,126,16,0,0,47,0,5,17,4,0,9,7,0,0,0,0,0,0,0,0,0,0,0,0,0,1,0,0,0,0,0,0,0,0,0,0,0,0
06/09/2020,419,1,182,1,31,166,17,64,3,3,30,10,2,120,75,6,4,32,10,4,2,115,21,0,2,38,2,4,13,2,0,3,5,3,1,0,0,0,0,0,0,0,0,0,0,0,1,0,0,0,0,0,0,0,0,0,0,0,0
06/10/2020,363,0,221,2,31,179,9,43,8,3,33,15,2,109,85,8,3,32,20,7,1,135,26,0,0,36,0,2,19,1,0,5,3,1,0,1,0,0,2,0,0,1,0,0,0,0,0,0,0,0,0,0,0,0,0,0,0,0,0
06/11/2020,363,1,195,1,30,169,11,44,7,4,24,7,7,120,67,4,2,31,17,7,0,121,32,0,0,46,0,2,12,1,1,9,4,2,0,1,1,0,1,0,0,0,0,0,0,0,0,0,0,0,0,0,0,0,0,0,0,0,0
06/12/2020,409,2,220,4,37,171,6,73,12,11,39,8,2,128,80,7,1,35,23,3,3,113,20,0,0,59,0,1,11,0,0,5,9,5,0,3,0,0,0,0,0,0,0,0,0,0,0,0,0,0,0,0,0,0,0,0,0,0,0
06/13/2020,196,0,209,4,35,180,16,74,4,2,40,13,5,106,73,6,2,37,21,3,2,124,20,0,1,40,1,1,14,2,1,3,5,4,0,1,0,0,0,0,0,0,0,0,0,0,0,0,0,0,0,0,0,0,0,0,0,0,0
06/14/2020,180,1,169,0,28,175,9,74,0,2,20,16,3,110,62,13,2,31,20,4,3,106,17,0,1,45,1,2,11,1,0,3,9,2,0,0,0,0,1,0,0,0,0,0,0,0,0,0,0,0,0,0,0,0,0,0,0,0,0
06/15/2020,380,2,235,3,36,193,7,77,12,7,58,14,1,115,85,5,2,47,12,6,2,107,26,0,0,44,0,2,17,2,0,8,0,0,0,0,0,1,1,0,0,0,0,0,0,0,0,0,0,0,0,0,0,0,0,1,0,0,0
06/16/2020,419,0,193,2,36,168,4,60,6,3,26,9,2,104,80,9,4,33,11,5,0,117,18,0,0,36,0,4,12,1,0,5,5,1,0,3,0,0,0,0,0,0,0,0,0,0,0,0,0,0,0,0,0,0,0,0,0,0,0
06/17/2020,356,2,208,4,26,176,2,68,8,6,38,10,2,123,96,10,0,44,11,4,1,152,21,0,1,38,0,1,12,1,0,3,2,1,0,2,1,0,0,0,0,1,0,0,0,0,0,0,0,0,0,0,0,0,0,0,0,0,0
06/18/2020,378,0,199,0,43,158,0,59,7,2,45,19,3,117,71,4,3,36,11,6,2,137,28,0,0,44,0,1,18,0,0,6,2,2,0,3,0,0,0,0,0,0,0,0,0,0,0,0,0,0,0,0,0,0,0,0,0,0,0
06/19/2020,361,1,219,0,24,179,3,55,9,7,46,8,1,118,79,0,3,31,16,3,1,117,17,0,0,41,0,0,8,0,1,7,3,1,0,0,0,0,0,0,0,2,0,0,0,1,0,0,0,0,0,0,0,0,0,0,0,0,0
06/20/2020,203,3,202,2,33,186,0,93,4,4,36,16,4,142,73,5,1,30,24,4,3,126,25,0,0,48,0,1,6,0,0,4,8,6,0,0,0,0,0,0,0,0,0,0,0,0,0,0,0,0,0,0,0,0,0,0,0,0,0
06/21/2020,172,0,172,0,25,201,3,78,2,6,24,16,3,164,60,0,0,44,25,2,2,127,26,0,0,42,0,2,8,0,2,4,6,3,0,0,0,0,0,0,0,0,0,0,0,0,0,0,0,0,0,0,0,0,0,1,0,0,0
06/22/2020,402,3,211,1,37,194,4,79,5,5,38,7,4,126,89,1,1,26,19,5,0,169,29,0,1,42,1,2,13,1,0,3,4,2,0,1,1,0,0,0,0,0,0,0,0,0,0,0,0,0,0,0,0,0,0,0,0,0,0
06/23/2020,381,1,214,0,35,223,2,62,4,1,34,14,4,145,76,3,5,21,27,2,2,146,25,0,2,54,0,1,11,0,0,1,4,4,0,0,0,0,1,1,0,0,0,0,0,0,0,0,0,0,0,0,0,0,0,0,0,0,0
06/24/2020,381,0,230,2,40,203,10,62,3,4,38,19,6,141,80,8,3,42,23,2,3,159,32,0,1,49,0,1,11,1,0,5,1,1,0,1,0,2,0,2,0,1,0,0,0,0,0,0,0,0,0,0,0,0,0,0,0,0,0
06/25/2020,298,0,218,1,30,216,6,71,8,1,23,11,3,149,88,0,1,33,15,3,2,154,26,0,1,50,0,0,10,2,0,5,2,3,0,0,0,0,0,1,0,1,0,0,0,0,0,0,0,0,0,0,0,0,0,1,0,0,0
06/26/2020,317,3,244,1,41,240,8,77,8,0,48,10,6,138,99,3,2,29,28,4,2,118,26,0,2,54,0,0,6,1,0,6,8,1,0,0,0,0,1,3,0,0,0,0,0,0,0,0,0,1,0,0,0,0,0,0,0,0,0
06/27/2020,206,2,179,1,35,228,5,84,4,4,30,11,1,161,84,0,2,36,18,1,3,132,26,0,2,38,0,2,14,1,0,2,4,2,0,1,1,0,0,2,0,0,0,0,0,0,0,0,0,0,0,0,0,0,0,0,0,0,0
06/28/2020,201,1,181,1,33,167,2,82,2,4,45,12,0,139,76,2,4,28,22,6,6,138,25,0,0,37,0,1,7,0,0,2,7,2,0,0,0,0,0,1,0,2,0,0,0,0,0,0,0,0,0,0,0,0,0,0,0,0,0
06/29/2020,437,1,207,1,30,183,4,87,9,6,29,13,3,124,97,0,3,35,24,3,1,109,20,0,2,43,0,1,6,3,0,9,6,1,0,1,0,0,1,1,0,0,0,0,0,0,1,0,0,0,0,0,0,0,0,0,0,0,0
06/30/2020,441,1,240,1,29,197,4,72,9,2,37,7,5,120,98,2,4,32,14,5,0,139,24,0,2,40,0,2,10,2,0,6,1,1,0,0,0,0,1,1,0,0,0,0,0,0,0,0,0,0,0,0,0,0,0,0,0,0,0
07/01/2020,395,1,230,1,40,233,8,51,9,4,47,16,2,98,117,4,6,38,18,6,4,136,23,0,2,58,0,2,15,0,0,10,1,3,1,1,1,0,1,2,0,0,0,0,0,0,0,0,0,0,0,0,0,0,0,0,0,0,0
07/02/2020,416,4,244,3,36,190,5,51,3,5,60,10,1,118,106,5,4,29,26,6,1,122,35,1,2,46,1,0,10,2,0,5,3,1,0,3,1,1,5,0,0,0,0,0,0,0,0,0,0,0,0,0,0,0,0,0,0,0,0
07/03/2020,234,2,215,2,32,199,3,65,7,2,49,18,3,133,91,3,2,39,23,4,0,115,26,0,4,43,0,1,8,0,0,2,7,4,0,1,0,1,2,1,0,0,0,0,0,0,0,0,0,0,0,0,0,0,0,0,0,0,0
07/04/2020,120,1,183,0,31,179,6,77,2,1,42,11,7,161,61,0,6,42,19,2,1,154,17,0,1,33,1,4,7,0,0,0,11,4,0,0,0,0,1,0,0,0,0,0,0,0,0,0,0,0,0,0,0,0,0,0,0,0,0
07/05/2020,155,9,186,2,38,200,8,153,3,3,27,11,9,178,87,3,6,33,28,3,1,157,22,0,0,42,0,1,19,1,0,2,5,5,0,1,0,0,0,0,0,0,0,0,0,0,0,0,0,0,0,0,0,0,0,0,0,0,0
07/06/2020,431,0,271,0,40,210,1,52,12,4,39,7,3,116,94,1,10,30,11,4,4,119,27,0,1,45,0,2,11,2,0,6,3,4,0,1,0,0,1,0,0,0,0,0,0,0,0,0,0,0,0,0,0,0,0,0,0,0,0
07/07/2020,461,3,214,2,48,219,2,61,6,4,28,7,0,124,96,5,3,32,17,5,6,123,24,0,2,48,0,1,13,0,0,5,1,2,0,1,0,1,0,0,0,0,0,0,0,0,0,0,0,0,0,0,0,0,0,0,0,0,0
07/08/2020,437,1,287,1,27,188,7,49,4,3,38,9,0,128,99,11,3,28,14,4,6,126,28,0,1,44,0,2,7,1,0,8,4,2,0,1,0,0,2,0,0,0,0,0,0,0,0,0,0,0,0,0,0,0,0,0,0,0,0
07/09/2020,391,1,225,0,23,214,4,63,7,3,64,25,0,139,88,5,2,27,22,1,1,125,34,0,1,42,0,2,9,1,0,7,4,2,0,1,0,0,2,1,0,0,0,0,0,0,0,0,0,0,0,0,0,0,0,0,0,0,0
07/10/2020,306,1,254,1,36,190,7,73,7,5,52,13,1,108,89,5,2,34,17,3,6,103,24,0,0,36,1,1,15,0,0,0,2,3,0,0,0,0,2,0,0,0,0,0,0,0,0,0,0,0,0,0,0,0,0,0,0,0,0
07/11/2020,259,0,223,0,40,177,4,52,0,4,47,8,2,132,74,2,3,33,21,2,2,115,21,0,3,45,0,0,11,0,0,1,7,3,0,0,0,0,3,0,0,0,0,0,0,0,0,0,0,0,0,0,0,0,0,0,0,0,0
07/12/2020,223,2,224,1,34,201,9,101,5,4,44,18,1,156,103,0,7,41,21,0,0,117,26,0,1,49,0,3,18,1,0,1,7,3,0,0,0,0,1,0,0,0,0,0,0,0,0,0,0,0,0,0,0,0,0,0,0,0,0
07/13/2020,483,3,251,0,35,180,7,68,9,4,33,21,2,122,107,2,2,42,19,2,3,146,32,0,3,56,0,0,7,1,0,0,6,2,0,1,0,0,1,0,0,0,0,0,0,0,0,0,0,0,0,0,0,0,0,0,0,0,0
07/14/2020,402,2,282,1,37,170,9,66,7,6,41,12,4,131,97,6,1,40,24,4,0,133,26,0,2,47,0,1,7,0,0,4,3,1,10,0,0,0,0,0,0,0,0,0,0,0,0,0,0,0,0,0,0,0,0,0,0,0,0
07/15/2020,440,2,241,1,42,246,7,68,15,10,47,9,1,120,113,3,2,49,26,3,3,132,27,0,2,58,0,1,16,1,0,4,1,5,0,1,0,0,0,0,0,0,0,0,0,0,0,0,0,0,0,0,0,0,0,1,0,0,0
07/16/2020,411,0,247,5,42,206,6,69,3,4,43,7,5,95,94,6,2,55,18,1,3,114,31,0,1,52,0,2,11,1,0,5,4,2,0,0,0,0,1,0,0,0,0,0,0,0,0,0,0,0,0,0,0,0,0,0,0,0,0
07/17/2020,413,0,257,0,41,201,2,51,7,2,61,10,5,122,98,12,1,33,20,4,1,147,36,0,1,58,0,1,12,1,0,4,6,0,0,1,0,0,0,0,0,0,0,0,0,0,0,0,0,0,0,0,0,0,0,0,0,0,0
07/18/2020,216,1,226,0,37,205,6,75,2,9,37,21,3,127,95,3,3,34,24,3,2,113,35,0,1,35,1,2,10,2,0,3,4,2,0,0,0,0,0,0,0,0,0,0,0,0,0,0,0,0,0,0,0,0,0,0,0,0,0
07/19/2020,176,1,224,0,37,179,2,69,2,6,36,10,4,131,64,1,5,29,25,3,4,123,28,0,1,45,0,1,8,0,0,1,10,1,0,1,0,1,0,0,0,0,0,0,0,0,0,0,0,1,1,0,0,0,0,0,0,0,0
07/20/2020,401,1,243,3,32,205,1,49,8,3,45,13,3,110,97,4,5,32,22,5,1,136,29,0,3,36,1,2,8,2,0,3,0,1,0,0,1,0,1,0,0,0,0,0,0,0,0,0,0,0,0,0,0,0,0,0,0,0,0
07/21/2020,340,0,239,0,26,187,10,53,9,6,51,9,1,119,99,3,7,33,23,3,4,131,31,0,1,39,1,3,4,1,0,5,1,1,0,2,0,1,0,0,0,0,0,0,1,0,0,0,0,0,0,0,0,0,0,0,0,0,0
07/22/2020,329,3,277,0,33,186,5,41,4,1,44,8,7,102,105,11,1,36,20,4,1,135,33,0,0,46,0,1,18,0,0,2,2,0,0,0,0,0,1,0,0,1,0,1,0,0,0,0,0,0,0,0,0,0,0,0,0,0,0
07/23/2020,308,0,264,1,30,204,6,46,5,6,35,14,4,83,111,7,1,33,24,2,2,139,32,0,2,39,0,1,12,2,0,5,4,3,0,0,0,0,0,0,0,0,0,1,0,0,0,0,0,0,0,0,0,0,0,0,0,0,0
07/24/2020,298,2,221,1,25,206,7,74,2,3,34,15,1,101,102,8,3,31,19,7,1,133,38,0,2,42,1,2,14,2,0,4,4,1,0,2,0,0,0,0,0,1,0,0,0,0,0,0,0,0,0,0,0,0,0,0,0,0,0
07/25/2020,153,2,217,2,60,198,8,71,7,3,46,8,1,130,83,5,3,22,18,5,3,124,28,0,2,38,1,0,12,0,0,2,5,3,0,0,0,0,0,0,0,0,0,2,0,0,0,0,0,0,0,0,0,0,0,1,0,0,0
07/26/2020,140,8,218,1,39,177,7,78,4,12,33,7,0,165,95,2,8,33,25,5,1,121,29,0,0,37,1,1,13,0,0,1,5,3,0,0,0,0,0,0,0,0,0,0,0,0,0,0,0,0,0,0,0,0,0,0,0,0,0
07/27/2020,312,2,286,2,45,207,3,76,11,2,41,4,3,128,112,1,1,27,29,4,4,113,28,0,0,51,0,0,15,0,0,2,4,3,0,0,0,3,2,0,0,0,0,0,0,0,0,0,0,0,0,0,0,0,0,0,0,0,0
07/28/2020,313,1,243,1,48,223,14,60,3,5,34,24,0,120,100,6,1,40,17,3,2,151,33,0,1,54,0,2,19,0,0,4,2,3,0,0,0,0,1,0,0,2,0,0,1,0,0,0,0,0,0,0,0,0,0,0,0,0,0
07/29/2020,287,0,258,1,34,189,14,65,10,1,35,7,2,123,92,4,2,34,16,4,4,157,40,0,1,50,0,0,18,2,0,4,2,2,0,0,0,0,1,0,0,0,0,0,0,0,0,0,0,0,0,0,0,0,0,0,0,0,0
07/30/2020,274,0,236,2,38,192,7,51,7,3,41,6,2,123,86,9,2,34,15,4,3,134,33,0,0,44,1,4,12,2,0,4,5,0,0,2,0,0,0,0,0,0,0,0,0,0,0,0,0,0,0,0,0,0,0,0,0,0,0
07/31/2020,262,2,206,1,37,214,12,56,7,6,28,12,3,113,98,14,1,33,21,4,3,148,26,0,0,61,0,0,12,0,0,1,1,1,0,0,0,0,0,0,0,0,0,0,0,0,0,0,0,0,0,0,0,0,0,0,0,0,0
08/01/2020,189,2,260,0,58,231,9,89,7,5,41,24,1,148,100,20,3,35,35,3,4,198,32,0,2,52,0,1,11,0,0,6,3,4,0,0,2,1,0,0,0,1,0,0,0,0,0,0,0,0,0,0,0,0,0,0,0,0,0
08/02/2020,135,1,218,3,52,203,8,105,1,1,46,11,0,154,87,5,0,32,21,3,6,140,37,0,1,37,1,3,11,1,0,3,6,1,0,0,1,0,1,0,0,0,0,0,0,0,0,0,0,0,0,0,0,0,0,0,0,0,0
08/03/2020,348,0,238,6,38,217,5,77,11,5,36,13,3,126,130,6,2,35,28,4,1,106,39,0,1,50,0,3,13,3,0,9,3,1,1,0,0,2,1,0,0,0,0,0,0,0,0,0,0,0,0,0,0,0,0,0,0,0,0
08/04/2020,187,1,228,1,44,167,4,37,7,3,45,7,2,97,91,7,6,33,14,4,1,131,26,0,1,40,0,3,9,0,0,3,5,0,0,1,1,1,2,0,0,1,0,0,0,0,0,0,0,0,0,0,0,0,0,0,0,0,0
08/05/2020,298,0,226,1,37,205,14,71,5,2,35,14,2,120,117,28,2,26,30,2,2,122,32,0,1,44,1,3,27,1,1,1,7,3,0,2,0,1,0,0,0,0,0,0,0,0,0,0,0,0,0,0,0,0,0,0,0,0,0
08/06/2020,288,2,217,4,31,218,15,65,9,6,36,18,1,114,112,22,1,47,20,3,5,128,29,0,3,34,2,3,12,1,0,1,0,1,0,0,0,0,1,0,0,0,0,0,0,0,0,0,0,0,0,0,0,0,0,0,0,0,0
08/07/2020,255,0,246,3,46,185,5,60,5,5,49,9,3,100,119,23,5,37,30,5,2,129,30,0,1,42,1,2,23,1,0,4,6,4,0,1,0,1,0,0,0,0,0,0,0,0,0,0,0,0,0,0,0,0,1,0,0,0,0
08/08/2020,160,2,228,0,29,221,11,55,3,5,33,6,2,114,86,20,3,42,24,7,1,110,24,0,2,39,1,3,9,0,0,4,2,0,7,0,0,0,0,0,0,0,0,0,0,0,0,0,0,0,0,0,0,0,0,0,0,0,0
08/09/2020,133,3,236,0,49,211,11,84,2,11,43,17,2,153,77,2,1,40,19,2,0,105,34,0,2,44,0,0,15,2,0,2,7,4,0,1,0,0,1,0,0,0,0,0,0,0,0,0,0,0,0,0,0,1,0,0,0,0,0
08/10/2020,312,0,244,3,52,219,3,53,7,2,52,14,1,145,99,11,2,37,9,3,1,155,39,0,2,55,0,1,10,3,0,2,10,3,0,0,1,0,0,0,0,0,0,0,0,0,0,0,0,0,0,0,0,0,0,0,0,0,0
08/11/2020,263,1,253,3,44,213,11,63,6,5,43,11,1,113,96,14,3,32,22,4,3,136,30,0,1,48,3,0,22,0,0,2,1,1,0,1,0,0,1,0,0,0,0,1,0,0,0,0,0,0,0,0,0,0,0,0,0,0,0
08/12/2020,320,3,279,2,30,192,21,57,5,6,47,13,0,108,99,30,4,40,18,0,2,129,42,0,1,46,2,5,12,2,0,7,1,4,1,0,0,0,2,0,0,0,0,0,0,0,0,0,0,0,0,0,0,0,0,0,0,0,0
08/13/2020,276,2,267,3,31,195,11,49,8,7,43,13,4,103,112,22,5,53,16,5,4,161,35,0,2,41,1,2,11,0,0,2,2,1,0,0,0,0,2,0,0,0,0,0,0,0,0,0,0,0,0,0,0,0,0,0,0,0,0
08/14/2020,277,1,298,2,36,226,11,83,3,7,66,16,4,127,100,34,3,37,28,5,4,150,34,0,0,45,1,1,14,1,0,6,3,3,13,0,0,0,1,0,0,1,0,1,0,0,0,0,0,0,0,0,0,0,0,0,0,0,0
08/15/2020,151,6,236,1,44,180,13,81,6,1,41,19,2,131,90,7,4,32,26,4,1,133,23,0,4,54,0,2,15,0,0,1,10,4,12,0,0,1,1,0,0,0,0,1,0,0,0,0,0,0,0,0,0,0,0,0,0,0,0
08/16/2020,140,1,223,1,36,182,6,76,4,6,44,9,1,137,80,11,4,48,16,2,2,126,24,0,1,49,0,0,9,0,0,3,5,4,0,0,2,0,2,0,0,0,0,0,0,0,0,0,0,0,0,0,0,0,0,0,0,0,0
08/17/2020,333,2,272,3,42,201,8,61,8,9,48,16,0,121,125,7,1,33,19,1,5,128,34,0,3,46,0,0,21,2,0,3,6,3,0,1,0,0,0,0,0,1,0,0,0,0,0,0,0,0,0,0,0,0,0,0,0,0,0
08/18/2020,283,2,253,4,45,196,17,54,8,4,51,11,1,116,110,27,2,33,30,4,3,102,32,0,1,43,1,6,13,0,0,1,1,5,0,0,1,1,0,0,0,0,0,0,0,0,0,0,0,0,0,0,0,0,0,0,0,0,0
08/19/2020,257,3,249,3,27,196,14,52,13,3,34,10,0,120,112,29,1,38,25,1,2,119,36,1,0,50,4,3,15,1,1,4,6,3,14,1,0,0,1,0,0,0,0,0,0,0,0,0,0,0,0,0,0,0,0,0,0,0,0
08/20/2020,227,1,282,1,35,182,12,51,5,2,55,11,3,103,115,33,7,37,21,5,5,181,41,0,3,39,0,3,10,1,0,1,3,2,0,1,0,0,0,2,0,0,0,0,0,0,0,0,0,0,0,0,0,0,0,0,0,0,0
08/21/2020,252,2,245,6,44,188,20,75,11,6,53,12,1,157,122,28,4,39,28,5,3,148,38,0,3,50,0,1,11,2,1,7,7,3,0,0,0,0,1,0,0,1,0,0,0,0,0,0,0,0,0,0,0,0,0,0,0,0,0
08/22/2020,136,4,226,4,50,209,12,71,1,5,46,14,2,150,85,11,5,45,23,4,3,128,37,0,5,39,1,5,17,0,0,0,15,4,0,0,0,1,1,0,0,0,0,1,0,0,0,0,0,0,0,0,0,0,0,0,0,0,0
08/23/2020,150,4,216,0,34,203,5,100,4,7,43,9,1,133,82,9,1,44,24,3,2,114,37,0,2,49,0,3,16,0,0,4,8,3,0,0,0,0,1,0,0,0,0,0,0,1,0,0,0,0,0,0,0,0,0,0,0,0,0
08/24/2020,297,1,248,0,54,234,4,60,6,6,44,6,1,108,126,5,4,39,21,4,2,147,36,0,0,50,1,2,17,2,0,2,2,3,0,2,0,0,3,0,0,0,0,0,0,0,0,0,0,0,0,0,0,0,0,0,0,0,0
08/25/2020,283,1,290,3,35,204,16,60,1,11,44,7,0,122,125,21,1,39,17,2,2,129,28,0,1,36,0,2,17,1,0,5,3,0,0,0,0,0,1,0,0,0,0,1,0,0,0,0,0,0,0,0,0,0,0,0,0,0,0
08/26/2020,313,1,227,5,28,220,12,60,10,2,42,17,2,126,109,28,0,43,16,8,1,135,47,0,3,45,3,5,14,0,1,1,7,5,0,2,1,0,2,0,0,1,0,0,0,0,0,0,0,0,0,0,0,0,0,1,0,0,0
08/27/2020,274,1,234,1,44,202,20,54,7,1,39,19,1,115,97,13,3,36,30,4,6,113,43,0,2,37,1,4,6,1,0,4,1,2,0,0,0,0,0,0,0,0,0,0,0,0,0,0,0,0,0,0,0,0,0,0,0,0,0
08/28/2020,280,2,249,3,45,165,19,59,7,2,52,14,0,109,119,17,4,38,21,4,2,135,41,0,0,50,0,4,14,1,0,4,6,1,8,0,0,1,2,0,0,0,0,1,0,0,0,0,0,0,0,0,0,0,0,0,0,0,0
08/29/2020,128,2,209,0,55,202,19,78,3,6,43,17,1,149,100,14,6,31,24,4,1,118,32,0,6,41,1,2,20,0,0,1,9,6,0,2,0,1,2,0,0,0,0,0,0,0,0,0,0,0,0,0,0,0,0,0,0,0,0
08/30/2020,186,3,198,1,56,160,11,82,1,6,32,16,5,139,102,4,6,50,20,4,0,122,40,0,3,34,2,1,17,0,0,1,6,2,0,0,0,0,0,0,0,0,0,1,0,0,1,0,0,0,0,0,0,0,0,0,0,0,0
08/31/2020,315,1,242,1,49,194,9,76,7,5,31,12,1,115,96,12,6,34,22,2,1,113,33,0,1,39,0,1,11,2,1,2,5,3,0,0,0,0,2,0,0,0,0,0,0,1,0,0,0,0,0,0,0,0,0,0,0,0,0
09/01/2020,294,3,220,3,33,201,21,49,12,5,31,15,6,123,141,26,5,48,29,11,3,157,36,0,4,56,2,4,11,4,0,8,5,0,0,3,1,0,1,0,0,0,0,0,0,0,0,0,1,0,0,0,0,0,0,0,0,0,0
09/02/2020,271,4,273,2,26,224,27,50,7,4,36,15,3,119,123,42,2,33,19,4,2,137,38,0,2,38,2,0,9,0,0,3,4,1,0,1,1,0,2,0,0,2,0,0,0,0,0,0,0,0,0,0,0,0,0,0,0,0,0
09/03/2020,273,3,230,4,50,178,24,47,4,5,45,10,2,82,113,28,0,33,30,5,2,154,36,0,0,43,3,4,11,3,1,7,2,3,0,1,0,0,0,0,0,0,0,0,0,0,0,0,1,1,0,0,0,0,0,0,0,0,0
09/04/2020,230,3,227,2,35,203,19,58,4,3,49,16,5,133,127,34,5,28,26,2,3,143,30,0,3,31,0,7,11,1,1,6,8,1,0,0,0,1,2,0,0,2,0,0,0,0,0,0,1,0,0,0,0,0,0,0,0,0,0
09/05/2020,156,1,224,5,45,178,33,65,5,4,36,13,2,152,104,13,2,34,28,3,3,123,40,0,2,41,1,2,13,1,1,2,14,3,0,0,0,1,1,1,0,0,0,0,0,0,0,0,0,0,0,0,0,0,0,0,0,0,0
09/06/2020,207,2,204,1,50,177,28,78,4,3,45,17,0,144,114,8,8,38,26,2,1,113,29,0,1,36,1,1,9,0,1,0,14,1,0,0,0,0,0,0,0,0,0,2,0,0,0,0,0,0,0,0,0,0,0,0,0,0,0
09/07/2020,218,2,229,2,41,214,36,67,7,5,45,17,0,129,110,7,3,37,30,0,3,111,38,0,0,38,1,4,17,3,0,5,14,3,0,0,0,0,3,0,0,0,0,1,0,1,0,0,0,0,0,0,0,1,0,0,0,0,0
09/08/2020,393,4,256,3,45,180,22,68,11,7,51,9,2,136,140,30,4,46,22,9,3,161,41,0,0,40,1,4,11,2,0,4,4,4,0,2,0,0,1,0,0,0,0,0,0,0,0,0,0,0,0,0,0,0,0,0,0,0,0
09/09/2020,353,0,242,4,30,191,26,47,8,6,37,7,2,118,125,34,4,40,22,5,1,157,37,0,2,36,2,5,17,0,0,3,0,4,1,0,0,0,1,0,0,0,0,0,0,0,0,0,0,0,0,0,0,0,0,0,0,0,0
09/10/2020,323,3,277,3,37,198,20,52,4,5,40,14,1,106,118,27,3,35,20,6,2,155,36,1,1,44,0,6,15,0,0,2,4,3,1,4,0,1,0,0,0,0,0,0,0,0,0,0,0,0,0,0,0,0,0,0,0,0,0
09/11/2020,313,1,243,1,37,239,19,52,2,5,53,16,1,110,140,28,1,49,19,6,3,130,33,1,2,47,1,3,15,1,0,3,2,1,0,1,1,0,1,0,0,0,0,0,0,0,0,0,0,0,0,0,0,0,0,0,0,0,0
09/12/2020,202,7,217,2,32,189,22,66,6,5,39,13,1,148,112,24,1,45,27,1,1,150,25,0,1,37,0,3,14,0,0,4,9,0,0,0,0,0,0,0,0,0,0,1,0,0,0,0,0,1,0,0,0,0,0,0,0,0,0
09/13/2020,263,3,214,2,42,189,18,86,4,6,37,15,1,165,101,11,4,32,16,2,2,107,30,0,1,34,1,1,8,0,0,2,10,0,0,1,2,0,1,0,0,0,0,0,0,0,0,0,0,0,0,0,0,0,0,0,0,0,0
09/14/2020,462,1,237,0,46,180,9,65,5,8,43,17,4,113,124,16,5,38,26,12,0,136,34,0,4,48,2,4,15,1,0,3,6,4,0,1,0,0,0,0,0,0,1,0,0,0,0,0,0,0,0,0,0,0,0,0,0,0,0
09/15/2020,415,2,262,5,32,195,13,43,4,4,54,6,3,107,128,27,1,40,21,4,4,129,33,0,0,38,3,1,19,2,1,3,2,0,0,0,0,0,0,0,0,0,0,0,0,0,0,0,0,0,0,0,0,0,0,1,0,0,0
09/16/2020,457,2,222,12,29,181,14,43,7,8,33,8,2,114,131,37,1,38,18,1,8,109,36,0,2,46,3,5,11,2,0,2,4,2,0,1,0,0,0,0,0,0,0,0,0,0,0,0,0,1,0,0,0,0,0,0,0,0,0
09/17/2020,441,2,259,3,45,213,14,58,3,2,50,12,3,121,133,24,2,35,26,7,1,164,39,0,3,39,2,7,18,0,1,4,3,1,0,0,0,1,0,0,0,0,0,0,0,0,0,0,0,0,0,0,0,0,0,0,0,0,0
09/18/2020,292,1,247,5,35,195,23,59,7,9,44,14,4,110,147,31,2,31,27,4,2,147,33,0,3,43,1,4,9,0,0,1,10,3,0,0,1,1,0,0,0,0,0,0,0,0,0,0,0,0,0,0,0,0,0,0,0,0,0
09/19/2020,216,1,207,1,26,181,13,64,2,4,34,6,1,122,90,15,5,38,22,3,1,107,29,0,2,38,4,2,15,0,0,1,8,2,10,1,0,0,0,0,0,0,0,1,0,0,0,0,0,0,0,0,0,0,0,0,0,0,0
09/20/2020,221,0,201,1,42,190,16,64,3,7,50,3,8,123,93,11,2,28,27,0,2,130,20,0,0,31,0,4,9,1,0,3,6,2,0,0,0,0,0,0,0,0,0,0,0,0,0,1,0,0,0,0,0,0,0,0,0,0,0
09/21/2020,559,2,233,3,29,162,16,40,12,7,64,10,4,100,110,17,2,31,14,1,0,110,29,0,0,32,1,3,11,0,0,5,6,2,0,2,0,0,0,0,0,0,0,0,0,0,0,0,0,0,0,0,0,0,0,0,0,0,0
09/22/2020,499,0,228,2,38,207,13,37,4,6,36,8,1,103,96,23,1,27,22,4,0,121,27,0,3,34,1,5,8,0,0,1,2,3,0,1,1,0,0,0,0,0,0,0,0,0,0,0,0,0,0,0,0,0,0,0,0,0,0
09/23/2020,613,1,238,4,35,193,20,51,5,6,31,6,0,94,80,28,1,26,26,6,4,148,26,1,2,37,3,2,19,2,0,2,3,3,0,0,0,0,1,0,0,3,0,0,0,0,0,0,0,0,0,0,0,0,0,0,0,0,0
09/24/2020,543,1,242,6,36,200,23,69,3,5,47,14,3,96,117,9,7,25,19,3,6,126,27,0,2,32,2,2,21,0,2,4,1,2,1,2,0,0,1,1,0,0,0,0,0,0,1,0,0,0,0,0,0,0,0,0,0,0,0
09/25/2020,462,1,208,4,33,197,20,78,3,6,70,15,2,119,119,20,4,29,28,4,6,152,29,0,2,40,3,2,19,4,1,2,8,1,0,0,0,0,0,0,0,0,0,0,0,0,0,0,0,0,0,0,0,0,0,0,0,0,0
09/26/2020,280,0,193,7,51,217,18,76,7,6,50,10,2,144,108,26,3,40,23,5,3,113,27,0,1,37,4,3,18,1,0,3,16,3,0,0,0,0,1,0,0,0,0,5,0,0,0,0,0,0,0,0,0,0,0,0,0,0,0
09/27/2020,382,2,206,3,63,180,17,77,1,5,38,14,3,161,87,16,4,35,32,2,2,128,28,0,1,37,1,3,10,0,0,2,11,0,0,2,0,0,0,0,0,0,0,0,0,0,0,0,0,0,0,0,0,0,0,0,0,0,0
09/28/2020,436,3,246,3,46,205,13,53,7,4,36,10,4,113,120,6,6,34,31,2,6,115,27,0,2,57,3,1,20,1,1,1,6,2,0,0,0,2,1,0,0,0,0,0,0,0,0,0,1,0,0,0,0,0,0,0,0,0,0
09/29/2020,723,2,238,4,49,187,10,44,7,6,42,10,1,106,115,14,5,32,16,3,0,137,33,1,1,48,1,0,23,2,0,4,2,1,0,0,1,0,1,0,0,0,0,0,0,0,0,0,0,0,0,0,0,0,1,0,0,0,0
09/30/2020,605,2,246,14,39,181,21,65,6,6,46,9,1,106,103,29,2,34,18,2,3,128,39,0,0,41,10,3,13,2,0,8,2,2,12,1,0,0,0,0,0,0,0,0,0,0,0,0,0,0,0,0,0,0,0,0,0,0,0
10/01/2020,705,0,236,9,39,219,18,53,5,5,63,17,3,131,112,49,4,32,27,6,4,154,33,0,2,66,5,5,12,0,0,7,10,1,2,1,0,0,0,0,0,0,0,0,0,0,0,0,0,0,0,0,0,0,0,0,0,0,0
10/02/2020,603,1,239,6,38,186,17,49,3,8,43,18,1,135,123,42,5,41,26,4,1,134,40,0,3,37,2,6,21,0,0,3,7,2,0,1,0,0,1,0,0,0,0,0,0,0,0,0,0,0,0,0,0,0,0,0,0,0,0
10/03/2020,301,3,210,5,45,192,16,57,4,7,53,6,3,131,94,20,2,53,24,5,2,155,32,0,1,37,5,2,11,0,0,2,16,8,0,1,0,0,0,1,0,0,0,0,0,0,0,0,0,0,0,0,0,0,0,0,0,0,0
10/04/2020,335,1,181,3,44,182,9,48,1,4,36,12,2,151,61,12,4,37,19,3,2,135,30,0,3,34,2,1,11,2,2,4,11,3,0,2,0,0,2,0,0,0,0,0,0,0,0,0,0,0,0,1,0,0,0,0,0,0,0
10/05/2020,765,0,266,5,38,192,8,55,5,8,57,10,3,110,103,9,4,39,24,6,1,142,28,0,3,60,3,0,8,2,0,3,4,3,0,0,0,1,0,0,0,0,0,0,0,0,0,0,0,0,0,0,0,0,0,0,0,0,0
10/06/2020,571,0,244,4,49,200,11,62,4,8,62,5,3,104,111,32,5,39,20,4,4,137,25,2,1,59,6,4,12,2,0,2,5,5,0,0,0,0,2,0,0,1,1,0,0,0,0,0,1,1,0,0,0,0,0,0,0,0,0
10/07/2020,542,1,231,9,42,190,19,50,6,4,45,15,4,115,124,43,4,37,27,3,3,144,37,0,0,48,3,5,12,2,0,2,5,1,0,0,0,1,2,0,0,0,0,0,0,0,0,0,0,0,0,0,0,0,0,0,0,0,0
10/08/2020,526,0,214,11,39,204,12,44,5,3,38,13,1,109,108,49,2,39,24,3,5,152,29,0,0,46,5,3,12,2,2,4,3,2,11,0,0,0,0,0,0,0,0,0,0,0,0,0,0,0,0,0,0,0,0,0,0,0,0
10/09/2020,524,1,262,6,32,162,13,39,2,5,45,11,4,126,122,44,2,39,15,3,3,116,27,0,3,51,4,2,17,1,1,4,8,5,1,0,0,1,0,0,0,0,0,0,0,0,0,0,1,0,0,0,0,0,0,0,0,0,0
10/10/2020,315,1,252,6,47,199,26,72,2,9,49,11,1,138,93,23,1,40,27,3,3,141,21,0,0,37,6,0,14,0,1,3,19,2,1,1,0,0,0,1,0,0,0,0,0,0,0,0,0,0,0,0,0,0,0,0,0,0,0
10/11/2020,281,2,201,6,50,197,14,81,1,5,30,18,5,151,88,9,3,40,20,2,1,145,24,0,3,43,3,2,17,0,1,1,11,2,0,1,0,0,0,0,0,1,0,2,0,0,0,0,0,0,0,0,0,0,0,0,0,0,0
10/12/2020,515,1,231,4,42,141,8,64,6,5,50,9,1,102,75,7,3,19,26,5,1,96,27,0,2,43,3,3,15,1,0,2,3,0,0,1,0,0,1,0,0,0,0,0,0,0,0,0,0,0,0,0,0,0,0,0,0,0,0
10/13/2020,589,1,260,9,47,185,19,51,3,5,43,11,2,112,94,36,6,34,14,4,2,119,32,0,0,48,5,3,14,4,0,3,2,2,0,1,0,1,0,0,0,0,0,0,0,0,0,0,0,0,0,0,0,0,0,0,0,0,0
10/14/2020,583,1,232,12,31,231,20,64,5,3,47,12,0,119,113,34,3,32,24,7,1,129,19,0,2,34,5,5,16,0,1,4,3,3,0,1,1,2,0,0,0,0,0,0,0,0,0,0,0,0,0,0,0,0,0,0,0,0,0
10/15/2020,604,2,263,4,46,216,27,67,3,6,42,14,0,133,106,27,1,36,22,6,0,122,32,0,2,43,5,7,20,0,2,7,4,3,13,3,0,0,1,0,0,0,2,0,0,0,0,0,0,0,0,0,1,0,0,0,0,0,0
10/16/2020,503,0,243,3,35,148,10,53,3,5,45,9,0,104,85,36,3,27,20,3,2,143,31,0,1,27,1,1,10,1,1,3,6,0,0,0,0,0,3,0,0,0,0,0,0,0,0,0,0,0,0,0,0,0,0,0,0,0,0
10/17/2020,366,1,237,2,29,193,14,56,1,6,58,8,3,133,82,17,2,35,28,7,0,131,26,0,1,35,3,1,15,0,0,4,8,1,0,1,0,0,0,0,0,0,0,0,0,0,0,0,0,0,0,0,0,0,0,0,0,0,0
10/18/2020,412,3,229,1,37,200,11,69,1,5,38,14,2,150,77,6,3,30,21,3,4,131,43,0,4,38,0,4,14,0,0,0,8,1,0,0,0,1,0,0,0,0,0,0,0,0,0,0,0,0,0,0,0,0,0,0,0,0,0
10/19/2020,626,2,279,4,49,197,16,55,2,4,37,18,0,97,104,20,2,36,12,4,1,148,30,0,0,55,4,2,15,4,1,4,5,0,0,0,0,1,0,0,0,0,0,0,0,0,0,0,0,0,0,0,0,0,0,0,0,0,0
10/20/2020,601,0,283,8,47,204,15,57,5,4,45,13,1,129,138,26,0,29,24,5,2,153,28,2,1,57,10,4,12,4,0,6,6,1,0,1,0,0,1,0,0,0,0,0,0,0,0,0,0,0,0,0,0,0,0,0,0,0,0
10/21/2020,653,3,274,12,29,203,15,63,7,7,45,10,6,141,119,48,3,34,23,3,3,123,27,0,1,46,5,4,12,2,0,3,6,3,0,2,0,0,0,0,0,0,0,0,0,0,0,0,0,0,0,0,0,0,0,0,0,0,0
10/22/2020,759,4,256,8,36,184,27,63,5,9,40,12,1,121,141,26,4,32,19,3,5,130,22,0,4,42,6,3,17,1,2,1,4,3,0,1,0,0,0,0,0,0,0,0,0,0,0,0,0,0,0,0,0,0,0,0,0,0,0
10/23/2020,601,1,277,8,44,208,19,71,2,9,59,13,2,151,133,38,4,37,25,7,1,145,24,0,4,41,6,1,18,0,0,3,6,2,0,1,0,0,0,0,0,0,0,0,0,0,0,0,0,0,0,0,0,0,0,0,0,0,0
10/24/2020,386,1,230,5,42,219,32,80,4,9,38,13,2,129,106,13,4,45,26,3,4,117,42,0,1,27,3,1,8,1,0,2,14,1,0,0,0,1,3,0,0,0,0,0,0,0,0,0,0,0,0,0,0,0,0,0,0,0,0
10/25/2020,361,0,193,5,31,163,21,68,1,6,37,11,0,107,80,5,6,41,21,2,2,104,24,1,2,37,4,1,15,1,0,3,12,6,0,0,0,0,1,0,0,0,0,0,0,0,0,0,0,0,0,0,0,0,0,0,0,0,0
10/26/2020,695,3,241,2,33,169,7,55,7,9,41,12,3,106,113,6,5,34,22,4,2,134,22,0,0,48,2,1,20,1,0,5,7,1,1,2,0,1,0,0,0,0,0,0,0,0,0,0,0,0,0,1,0,0,0,0,0,0,0
10/27/2020,741,1,294,7,42,191,14,69,6,8,36,10,2,108,105,25,0,38,23,1,5,144,25,0,1,62,3,5,22,0,1,9,0,3,0,1,0,0,1,0,0,0,0,0,0,0,0,0,0,0,0,0,0,0,0,0,0,0,0
10/28/2020,783,4,256,11,48,180,13,42,6,6,58,12,0,108,125,21,3,44,25,3,1,124,43,0,0,35,4,3,19,1,1,4,1,2,0,3,2,0,1,0,0,0,0,0,0,0,0,0,0,0,0,0,0,0,0,0,0,0,0
10/29/2020,621,1,190,10,36,155,11,52,4,1,38,14,0,76,82,14,2,28,23,2,2,98,25,0,2,43,0,2,10,1,1,2,6,1,0,0,1,0,1,0,0,0,0,0,0,0,0,0,0,0,0,0,0,0,0,0,0,0,0
10/30/2020,653,0,216,9,35,187,21,47,9,7,46,12,0,111,106,19,4,30,19,4,3,120,34,0,2,29,4,4,18,0,0,1,9,2,0,1,0,0,1,0,0,1,0,2,0,0,1,0,0,0,0,0,0,0,0,0,0,0,0
10/31/2020,403,1,191,3,40,203,22,65,3,7,39,16,0,146,78,13,1,45,20,1,2,141,40,0,1,36,7,6,15,0,0,1,11,2,0,0,1,0,1,1,0,0,0,0,0,0,0,0,0,0,0,0,0,1,0,0,0,0,0
11/01/2020,501,3,196,2,47,187,15,73,3,8,36,23,6,168,99,4,7,35,20,3,2,145,36,0,1,33,0,6,19,1,0,1,12,3,0,2,0,0,0,0,0,0,0,1,0,1,0,0,0,0,0,0,0,0,0,0,0,0,0
11/02/2020,953,2,241,3,34,155,9,31,5,4,43,16,0,114,106,4,1,26,20,6,4,118,36,0,2,49,5,2,18,2,0,3,8,1,0,0,0,0,0,0,0,0,0,0,0,0,0,0,0,0,0,0,0,0,0,0,0,0,0
11/03/2020,903,0,213,7,40,199,9,42,6,4,46,6,1,103,96,5,3,24,18,5,5,116,16,0,0,54,1,5,10,3,0,3,1,2,0,1,0,0,1,0,0,0,0,0,0,0,0,0,0,0,0,0,0,0,0,0,0,0,0
11/04/2020,1112,2,246,2,45,198,20,67,2,6,37,11,2,111,94,25,2,45,19,5,2,125,34,0,2,40,4,5,41,0,1,3,5,2,0,0,0,0,0,1,0,0,0,0,0,0,0,0,0,0,0,0,0,0,0,0,0,0,0
11/05/2020,1139,1,271,9,38,164,25,66,3,6,43,12,0,121,92,18,1,26,28,8,3,125,37,0,1,45,6,3,14,0,1,1,9,5,0,0,0,0,3,0,0,0,0,1,0,0,0,0,0,0,0,0,0,0,0,0,0,0,0
11/06/2020,1036,0,268,10,45,190,20,58,9,5,53,7,2,141,123,16,2,37,36,5,2,113,29,0,0,42,3,5,14,1,0,1,11,2,22,1,0,0,0,0,0,0,0,0,0,0,0,0,0,0,0,0,0,0,0,0,0,0,0
11/07/2020,845,2,230,7,46,206,27,82,4,6,43,18,2,160,115,8,3,43,26,1,2,128,30,0,1,45,5,1,12,0,1,2,9,2,0,2,0,0,0,0,0,0,0,0,0,0,0,1,0,0,0,0,0,0,0,0,0,0,0
11/08/2020,788,1,207,3,30,217,10,65,1,8,40,9,3,138,93,8,4,43,20,3,3,113,32,0,4,42,5,7,18,1,1,4,20,1,0,0,0,0,0,0,0,0,0,0,0,0,0,0,0,0,0,0,0,0,0,0,0,0,0
11/09/2020,1545,0,217,5,41,206,9,57,8,3,48,17,1,125,117,5,2,31,27,6,0,130,31,0,2,53,9,1,17,1,0,3,9,2,0,0,1,1,1,0,0,0,0,0,0,0,0,0,0,0,0,0,0,0,0,0,0,0,0
11/10/2020,1598,1,249,13,55,167,13,60,3,3,41,11,1,111,108,38,2,23,23,5,2,120,42,0,3,31,6,1,13,4,2,4,1,2,0,1,3,0,0,0,0,2,0,0,0,0,0,0,0,0,0,0,0,0,0,0,0,0,0
11/11/2020,1538,1,234,9,33,183,14,59,3,6,57,11,3,96,103,28,3,32,29,6,4,117,36,0,2,38,3,3,14,1,1,5,8,1,0,3,0,0,0,0,0,1,0,0,0,0,0,0,0,0,0,0,0,0,0,0,0,0,0
11/12/2020,1501,1,233,8,30,157,16,49,3,4,55,12,6,88,108,45,5,35,27,3,3,107,28,2,1,36,2,6,12,2,0,4,5,0,8,1,0,0,0,0,0,0,0,0,0,0,0,0,0,0,0,0,0,0,0,0,0,0,0
11/13/2020,1494,0,240,8,25,193,26,34,8,12,49,11,1,107,108,41,0,38,24,3,1,104,39,1,0,42,3,6,15,0,1,5,7,3,0,0,1,1,1,0,0,0,0,0,0,0,0,0,0,0,0,0,0,0,0,0,0,0,0
11/14/2020,1026,1,234,4,43,153,18,70,1,6,43,4,2,126,91,19,3,35,16,1,1,125,31,0,2,41,7,3,6,1,1,1,8,3,0,1,0,0,0,0,0,0,0,1,0,0,0,0,0,0,0,0,0,0,0,0,0,0,0
11/15/2020,896,1,201,6,35,163,16,54,2,8,28,10,2,126,95,5,0,39,14,0,2,122,35,0,0,40,1,2,10,0,0,1,9,3,0,0,1,0,0,0,0,0,0,0,0,0,0,0,0,0,0,0,0,0,0,0,0,0,0
11/16/2020,1832,1,252,8,36,188,14,40,8,5,66,10,2,91,95,19,1,37,28,6,1,107,40,1,3,40,5,0,15,0,1,3,2,3,0,0,1,1,0,0,0,0,0,0,0,0,0,0,0,0,0,0,0,0,0,0,0,0,0
11/17/2020,1729,1,231,15,37,177,20,41,2,4,33,6,1,111,101,33,3,41,19,0,1,121,27,0,3,34,4,7,11,1,0,4,2,1,0,0,0,0,1,0,0,0,0,0,0,0,0,0,0,0,1,0,0,0,0,0,0,0,0
11/18/2020,1753,0,220,11,28,154,19,39,5,4,43,9,1,95,95,48,5,31,12,2,0,118,22,0,0,48,12,7,15,3,0,6,4,2,0,0,0,0,0,0,0,0,0,0,0,0,0,0,1,0,0,0,0,0,0,0,0,0,0
11/19/2020,1857,0,235,10,23,176,17,48,4,5,48,9,2,87,98,31,1,35,26,4,2,115,20,0,1,49,6,3,14,0,1,5,9,5,1,0,1,1,1,0,0,0,2,0,0,0,0,0,0,0,0,0,0,0,0,0,0,0,0
11/20/2020,1773,2,252,9,29,180,25,57,5,7,43,10,1,109,93,45,2,36,21,5,0,113,33,0,1,36,10,7,16,1,3,8,14,1,28,2,0,0,0,1,0,0,1,0,0,0,0,0,0,0,0,0,0,0,0,0,0,0,0
11/21/2020,1291,4,230,9,38,175,20,52,2,7,41,10,0,138,95,23,3,45,22,1,1,137,24,0,0,44,3,5,23,0,1,2,9,3,0,1,0,0,1,0,0,0,0,0,0,0,0,0,0,0,0,0,0,0,0,0,0,0,0
11/22/2020,1148,2,210,7,43,193,15,56,2,4,38,10,2,131,70,11,4,38,15,1,1,115,29,0,1,44,6,3,11,2,0,3,14,0,0,1,0,0,1,0,0,0,0,0,0,0,0,0,0,0,0,0,0,0,0,0,0,0,0
11/23/2020,2315,0,234,7,35,170,9,45,6,3,50,6,4,105,109,15,1,36,23,4,0,133,29,0,1,39,4,3,12,1,0,4,7,1,0,0,0,0,0,0,0,0,0,0,0,0,0,0,0,0,0,0,0,0,0,0,0,0,0
11/24/2020,2072,1,202,17,43,179,21,38,2,5,49,6,1,104,91,37,2,32,30,1,4,112,32,0,1,43,11,1,14,1,1,3,4,1,0,1,0,0,0,1,0,0,0,0,0,0,0,1,0,0,0,0,0,0,0,0,0,0,0
11/25/2020,2369,0,259,19,43,178,19,63,6,5,53,7,3,114,99,17,1,44,16,0,2,127,33,0,5,29,12,2,6,1,2,4,9,5,0,0,0,0,0,0,0,0,1,0,0,0,0,0,0,0,0,0,0,0,0,0,0,0,0
11/26/2020,807,0,145,3,23,145,9,64,4,6,37,12,2,121,65,3,1,30,14,2,1,116,19,0,1,29,0,4,6,0,0,1,10,4,0,0,0,1,0,0,0,0,0,0,0,0,0,0,0,0,0,0,0,0,0,0,0,0,0
11/27/2020,2296,0,255,6,50,164,19,65,3,6,51,6,3,165,120,20,2,34,20,4,3,110,30,0,2,26,6,2,17,1,0,3,9,1,0,0,0,1,1,0,0,0,0,0,0,0,0,0,1,0,0,0,0,0,0,0,0,0,0
11/28/2020,1786,1,256,10,34,180,23,62,2,5,39,12,4,122,74,13,1,36,22,7,2,146,29,0,2,28,3,3,14,1,1,2,11,6,0,0,1,1,2,0,0,0,0,1,0,0,0,0,0,0,0,0,0,0,0,0,0,0,0
11/29/2020,1728,0,203,6,45,202,9,61,3,4,35,14,5,130,81,5,8,38,13,2,4,121,28,0,3,46,6,0,12,1,2,3,14,2,0,0,0,2,0,0,0,0,0,0,0,0,0,0,0,0,0,0,0,0,0,0,0,0,0
11/30/2020,2802,0,277,3,44,175,10,42,3,5,53,11,1,100,109,9,0,25,20,3,3,111,25,0,2,55,5,0,11,0,1,2,3,2,0,1,0,0,0,0,0,0,0,0,0,0,0,0,0,0,0,0,0,0,0,0,0,0,0
12/01/2020,3137,0,268,18,31,186,23,42,9,6,47,15,0,89,92,42,3,33,11,3,1,135,20,1,2,40,11,7,21,2,1,4,3,0,1,0,0,0,0,0,0,0,0,0,0,0,0,0,0,0,0,0,0,0,0,0,0,0,0
12/02/2020,3007,1,244,22,44,158,22,52,6,4,40,5,4,112,84,38,2,33,14,3,1,112,22,2,3,36,11,2,12,1,2,1,5,1,0,1,1,0,0,0,0,0,0,0,0,0,1,0,0,0,0,0,0,0,0,0,0,0,0
12/03/2020,2876,0,235,13,31,165,24,46,9,4,49,9,4,99,96,45,1,30,15,8,1,138,33,0,3,37,7,3,20,0,1,6,4,5,0,1,1,0,0,0,0,0,0,0,0,0,0,0,0,0,0,0,0,0,0,0,0,0,0
12/04/2020,2809,0,243,16,37,169,17,59,8,6,48,7,2,108,111,39,4,27,20,3,0,116,35,0,3,38,8,4,22,0,1,1,5,1,0,0,0,2,0,0,0,0,0,0,0,0,0,0,0,0,0,0,0,0,0,0,0,0,0
12/05/2020,1884,0,224,13,36,181,13,47,5,3,47,10,2,119,72,16,4,41,20,5,2,112,28,0,1,36,3,6,16,0,0,0,14,0,0,1,0,0,0,0,0,0,0,1,0,0,0,0,0,0,0,0,0,0,0,0,0,0,0
12/06/2020,1754,2,203,10,33,141,17,39,3,4,34,7,2,133,81,7,7,29,19,1,1,109,26,0,2,37,5,1,15,0,1,2,7,4,0,0,0,2,1,1,0,0,0,2,1,0,0,0,0,1,0,0,0,0,0,0,0,0,0
12/07/2020,3302,1,250,10,53,183,9,45,9,5,45,6,3,96,68,21,1,35,17,4,1,95,27,0,0,43,6,0,10,2,0,0,0,1,0,1,0,1,0,0,0,0,2,0,0,0,0,0,1,0,0,0,0,0,0,0,0,0,0
12/08/2020,3060,0,248,18,30,178,15,44,2,4,23,12,1,94,81,43,1,30,20,2,2,95,23,0,1,51,9,2,20,0,2,5,3,1,0,0,0,2,1,0,0,0,0,0,0,0,0,0,0,0,0,0,0,0,0,0,0,0,0
12/09/2020,3107,0,241,19,32,149,17,49,4,10,38,8,2,85,77,35,3,44,15,3,2,96,33,0,0,34,14,3,15,2,1,3,1,1,0,0,0,0,0,0,0,0,1,0,0,0,0,0,0,0,0,0,0,0,0,0,0,0,0
12/10/2020,3149,1,244,24,28,150,23,44,1,8,60,8,2,105,104,42,2,31,21,2,1,100,25,0,0,40,13,6,9,1,0,5,5,5,0,2,0,0,0,0,0,0,0,0,0,1,0,0,0,0,0,0,0,0,0,0,0,0,0
12/11/2020,2978,1,238,13,36,170,32,64,2,4,52,15,5,137,87,40,2,40,23,3,1,113,43,1,0,39,11,4,19,1,3,2,8,2,0,1,1,0,0,0,0,0,0,0,0,0,0,0,0,0,0,0,0,0,0,0,0,0,0
12/12/2020,2206,2,211,18,48,163,28,68,7,8,55,8,1,116,62,23,1,45,24,1,1,112,30,0,1,37,7,4,16,1,0,2,9,0,0,1,0,1,1,0,0,0,0,0,0,0,0,0,0,0,0,0,0,0,0,0,0,0,0
12/13/2020,2176,0,207,8,57,161,18,58,2,9,33,11,2,137,83,8,5,45,14,4,2,120,22,0,3,34,5,7,13,1,0,2,2,1,0,0,0,0,0,1,0,0,0,0,0,0,0,0,0,0,0,0,0,0,0,0,0,0,0
12/14/2020,3577,2,243,16,39,173,8,43,4,6,38,6,1,83,77,7,2,20,11,2,2,92,17,1,1,28,1,4,13,0,2,3,1,0,0,2,0,0,0,0,0,0,0,0,0,0,0,0,0,0,0,0,0,0,0,0,0,0,0
12/15/2020,3679,2,227,11,49,152,21,44,4,2,45,7,3,82,76,41,1,21,16,1,3,86,25,0,1,26,18,4,17,0,1,5,8,5,0,0,0,0,0,1,0,1,0,1,0,0,0,0,0,0,0,0,0,0,0,0,0,0,0
12/16/2020,2783,0,214,4,38,143,6,37,3,13,45,6,1,90,64,13,1,21,17,3,1,87,29,0,0,36,2,3,11,1,0,1,3,2,0,0,0,1,0,0,0,0,0,0,0,0,0,0,0,0,0,0,0,0,0,0,0,0,0
12/17/2020,1924,0,161,8,22,131,9,30,3,3,22,10,0,86,56,15,0,24,8,2,1,84,15,0,2,28,4,2,8,0,0,0,2,2,0,1,0,0,0,0,0,0,0,0,0,0,0,0,0,0,0,0,0,0,0,0,0,0,0
12/18/2020,3428,0,224,11,40,151,11,47,3,4,48,8,1,91,71,34,3,32,17,2,4,66,18,0,3,36,17,3,14,2,1,2,6,2,0,1,0,0,0,0,0,0,0,0,0,0,0,0,0,0,0,0,0,0,0,0,0,0,0
12/19/2020,2555,1,194,12,40,157,13,53,3,4,48,12,3,130,81,17,2,21,11,1,0,100,21,0,0,43,11,1,13,1,1,3,11,1,0,1,0,0,0,0,0,0,0,0,0,0,0,0,0,0,0,0,0,0,0,0,0,0,0
12/20/2020,2348,0,192,4,41,153,6,69,1,0,39,9,2,144,61,18,2,29,14,2,1,79,23,0,1,28,4,4,9,1,0,0,14,2,0,0,0,0,0,0,0,0,0,0,1,0,0,0,0,0,0,0,0,0,0,0,0,0,0
12/21/2020,4335,2,219,10,32,171,11,41,6,4,36,6,0,81,74,14,2,27,17,4,1,85,13,0,2,27,6,2,15,0,1,0,5,0,0,2,2,0,0,0,0,0,0,0,0,0,0,0,0,0,0,0,0,0,0,0,0,0,0
12/22/2020,4097,2,222,7,35,170,20,38,4,3,52,6,1,104,78,14,1,24,16,4,5,122,19,1,4,44,4,3,11,1,2,2,4,2,0,0,0,0,0,0,1,1,0,0,0,0,0,0,0,0,0,0,0,0,0,0,0,0,0
12/23/2020,3844,2,197,16,45,163,15,44,1,5,49,14,2,124,70,16,1,35,35,1,5,97,23,1,2,30,7,4,13,0,1,3,10,2,0,0,0,0,0,0,0,0,0,0,0,0,0,0,0,0,0,0,0,0,0,0,0,0,0
12/24/2020,3014,0,200,4,28,179,8,45,2,4,45,5,2,117,60,4,2,29,24,2,1,116,20,0,1,24,0,2,12,0,0,0,9,1,0,0,0,0,0,0,0,0,0,0,0,0,0,0,0,0,0,0,0,0,0,0,0,0,0
12/25/2020,1046,0,105,2,29,145,7,65,1,1,44,9,0,126,40,0,1,28,8,0,0,114,12,0,1,39,2,0,6,0,1,1,9,2,0,0,0,0,0,0,0,0,0,0,0,0,0,0,0,0,0,0,0,0,0,0,0,0,0
12/26/2020,3454,2,173,10,31,133,12,50,0,6,31,7,0,119,61,3,0,28,15,2,3,141,22,0,4,33,5,4,11,1,1,4,3,0,0,0,0,0,0,0,0,0,0,0,0,0,0,0,0,0,0,0,0,0,0,0,0,0,0
12/27/2020,2886,2,147,8,34,145,8,47,3,8,30,7,5,104,47,5,1,32,6,5,1,82,22,0,2,32,5,2,12,2,0,1,15,1,0,1,1,0,0,0,0,0,0,0,0,0,0,0,0,0,0,0,0,0,0,0,0,0,0
12/28/2020,5387,1,191,8,43,171,15,41,5,7,42,5,0,93,59,13,1,23,13,2,3,103,20,0,2,35,5,0,18,2,0,2,3,0,0,4,0,1,0,0,0,0,0,0,0,0,0,0,0,0,0,0,0,0,0,0,0,0,0
12/29/2020,5204,2,178,13,30,148,20,39,2,6,34,6,2,88,65,28,1,33,19,1,2,88,19,2,1,31,7,2,14,1,0,2,3,0,0,0,0,0,1,0,0,0,0,0,0,0,0,0,0,0,0,0,0,0,0,0,0,0,0
12/30/2020,4984,1,149,24,34,154,18,38,2,3,25,1,0,133,56,22,0,26,11,3,4,85,18,1,0,33,10,3,14,1,0,0,3,2,0,0,1,0,0,0,0,0,0,0,0,0,0,0,0,0,0,0,0,0,0,0,0,0,0
12/31/2020,3389,1,93,6,40,113,20,38,3,2,25,3,0,100,27,12,1,17,26,2,3,55,21,0,1,15,0,2,10,0,1,0,10,1,0,0,0,0,0,0,0,0,0,0,0,0,0,0,0,0,0,0,0,0,0,0,0,0,0
