Date,Total Covid Cases,MURDER & NON-NEGL. MANSLAUGHTER,DANGEROUS WEAPONS,PETIT LARCENY,ROBBERY,HARRASSMENT 2,OFFENSES AGAINST PUBLIC ADMINI,ASSAULT 3 & RELATED OFFENSES,FELONY ASSAULT,SEX CRIMES,GRAND LARCENY,CRIMINAL MISCHIEF & RELATED OF,OFFENSES INVOLVING FRAUD,BURGLARY,OFFENSES AGAINST THE PERSON,GRAND LARCENY OF MOTOR VEHICLE,INTOXICATED & IMPAIRED DRIVING,MISCELLANEOUS PENAL LAW,OTHER OFFENSES RELATED TO THEF,RAPE,THEFT-FRAUD,OFF. AGNST PUB ORD SENSBLTY &,DANGEROUS DRUGS,VEHICLE AND TRAFFIC LAWS,FORGERY,UNAUTHORIZED USE OF A VEHICLE,CRIMINAL TRESPASS,PETIT LARCENY OF MOTOR VEHICLE,POSSESSION OF STOLEN PROPERTY,FRAUDS,OTHER STATE LAWS (NON PENAL LA,ARSON,BURGLAR'S TOOLS,KIDNAPPING & RELATED OFFENSES,NYS LAWS-UNCLASSIFIED FELONY,"HOMICIDE-NEGLIGENT,UNCLASSIFIE",THEFT OF SERVICES,ADMINISTRATIVE CODE,AGRICULTURE & MRKTS LAW-UNCLASSIFIED,GAMBLING,FRAUDULENT ACCOSTING,NYS LAWS-UNCLASSIFIED VIOLATION,OFFENSES AGAINST PUBLIC SAFETY,CHILD ABANDONMENT/NON SUPPORT,ENDAN WELFARE INCOMP,FELONY SEX CRIMES,PROSTITUTION & RELATED OFFENSES,ALCOHOLIC BEVERAGE CONTROL LAW,DISORDERLY CONDUCT,ANTICIPATORY OFFENSES,JOSTLING,HOMICIDE-NEGLIGENT-VEHICLE,"LOITERING/GAMBLING (CARDS, DIC",ESCAPE 3,KIDNAPPING,OFFENSES RELATED TO CHILDREN,OTHER STATE LAWS,DISRUPTION OF A RELIGIOUS SERV,OTHER STATE LAWS (NON PENAL LAW),INTOXICATED/IMPAIRED DRIVING,OFFENSES AGAINST MARRIAGE UNCL,NEW YORK CITY HEALTH CODE
01/01/2021,1336,1,27,143,40,207,22,196,107,56,83,307,6,46,3,23,26,62,1,15,19,42,18,28,3,4,11,0,2,9,2,5,0,1,5,0,0,3,0,0,0,0,0,0,0,0,0,1,0,0,0,0,0,0,0,0,0,0,0,0,0,0
01/02/2021,4190,1,14,187,29,172,13,91,59,11,82,93,9,31,3,24,10,33,1,3,6,34,27,13,12,3,6,0,3,3,0,2,0,1,0,0,0,2,0,0,1,0,0,0,0,0,0,0,0,0,0,0,0,0,0,0,0,0,0,0,0,0
01/03/2021,3454,2,12,190,35,164,7,85,49,3,57,103,3,31,3,15,6,35,3,3,2,36,8,17,5,3,9,1,0,1,0,0,0,0,0,0,0,3,1,0,0,0,0,0,0,0,0,0,0,0,0,0,0,0,0,0,0,0,0,0,0,0
01/04/2021,6593,0,8,232,29,149,12,99,34,12,96,107,7,56,1,30,1,35,1,3,21,37,12,13,21,1,7,0,4,5,0,7,0,1,1,0,0,3,0,0,0,0,0,0,0,0,0,0,0,1,0,0,0,0,0,0,0,0,0,0,0,0
01/05/2021,6151,0,14,233,32,155,15,100,46,16,84,128,13,34,1,24,4,39,1,1,7,40,48,14,18,6,3,0,5,5,1,3,2,0,3,1,0,3,1,0,0,0,0,0,1,1,0,0,0,0,0,0,0,0,0,0,0,0,0,0,0,0
01/06/2021,5676,0,19,215,31,167,13,90,45,7,84,116,10,31,1,19,4,30,2,0,5,49,55,6,22,0,7,0,7,4,2,2,1,0,2,0,0,4,0,0,0,0,0,0,0,0,1,0,1,0,0,0,0,0,0,0,0,0,0,0,0,0
01/07/2021,5434,0,30,235,31,172,18,92,49,12,75,108,10,34,0,23,8,51,0,1,12,45,43,23,10,2,5,1,0,2,1,5,0,1,1,0,1,1,0,0,0,0,0,0,0,0,0,0,0,1,0,0,0,0,0,0,0,0,0,0,0,0
01/08/2021,5295,1,26,228,25,165,10,93,40,13,79,108,19,38,3,20,8,58,3,4,6,49,52,21,19,1,3,1,2,3,0,1,1,0,2,0,0,0,0,0,0,0,0,0,0,0,0,0,0,0,0,0,0,0,0,0,0,0,0,0,0,0
01/09/2021,3689,0,14,195,28,164,14,136,61,15,88,118,11,37,1,20,7,22,1,3,2,34,33,16,16,3,4,0,2,3,1,1,1,0,1,0,1,2,0,0,1,0,0,0,0,0,0,5,0,0,0,0,0,0,0,0,0,0,0,0,0,0
01/10/2021,3198,4,17,175,40,159,11,93,55,11,73,109,17,42,0,12,5,29,0,1,3,40,15,15,9,3,3,0,2,2,1,3,1,0,2,0,0,3,0,0,0,0,1,1,0,0,0,0,1,0,0,0,0,0,0,0,0,0,0,0,0,0
01/11/2021,5910,3,9,210,29,154,11,73,57,9,85,139,6,35,2,9,4,35,2,1,13,50,12,17,16,3,10,0,1,11,3,4,1,1,2,0,0,5,1,0,0,0,1,0,0,0,0,0,0,0,0,0,0,0,0,0,0,0,0,0,0,0
01/12/2021,5231,1,22,226,32,171,15,108,55,6,101,110,7,42,1,31,8,32,2,0,14,35,36,17,16,1,4,1,4,3,1,1,2,0,1,0,0,0,0,0,0,0,1,0,0,0,0,0,0,0,0,0,0,0,0,0,0,0,0,0,0,0
01/13/2021,5171,0,16,228,28,175,16,91,36,8,80,135,14,33,2,25,1,37,0,5,8,37,50,14,18,2,7,0,11,11,3,1,1,0,1,0,0,1,0,1,1,0,0,0,0,0,0,0,0,0,0,0,0,0,0,0,0,0,0,0,0,0
01/14/2021,5258,1,15,220,31,176,20,105,43,7,82,137,15,35,2,20,5,35,1,3,6,40,51,19,15,5,4,0,3,14,1,0,1,0,1,0,0,2,1,1,0,0,1,0,0,0,0,0,0,1,0,0,0,0,0,0,0,0,0,0,0,0
01/15/2021,4838,1,26,292,27,198,14,93,52,20,106,150,15,46,2,22,6,35,2,5,10,31,39,18,19,4,9,0,7,12,0,0,1,0,0,0,1,1,0,0,0,0,0,0,0,0,0,0,0,0,0,0,0,0,0,0,0,0,0,0,0,0
01/16/2021,3478,2,17,216,30,168,18,91,50,12,78,132,9,36,3,18,12,47,2,3,5,51,35,20,29,0,6,0,1,2,0,2,1,1,0,0,0,1,0,1,0,0,0,0,0,0,0,2,0,0,0,0,0,0,0,0,0,0,0,1,0,0
01/17/2021,2918,3,11,192,32,159,15,133,48,13,61,127,14,20,6,18,7,38,3,0,3,60,12,12,14,3,2,0,1,1,1,0,1,0,1,0,0,0,0,0,0,0,0,0,0,0,0,1,0,0,0,0,0,0,0,0,0,0,0,0,0,0
01/18/2021,4641,2,11,198,35,163,15,103,54,7,79,93,3,31,2,29,6,32,2,2,6,47,8,14,12,1,4,0,0,7,1,2,0,0,2,0,0,5,0,0,0,0,0,0,0,0,0,1,0,1,0,0,0,0,0,0,0,0,0,0,0,0
01/19/2021,5141,0,17,257,26,203,15,96,43,15,91,96,13,36,1,10,2,32,3,3,13,47,39,19,13,3,2,0,6,19,0,3,0,0,2,0,3,4,0,0,0,0,0,1,0,1,0,0,0,0,0,0,0,0,0,0,0,0,0,0,0,0
01/20/2021,4906,1,23,232,23,159,19,103,40,11,93,119,8,32,4,16,4,22,0,3,18,50,55,19,21,4,10,0,5,14,2,2,2,0,1,0,0,2,0,1,0,0,0,0,0,0,0,0,0,0,0,0,0,0,0,0,0,0,0,0,0,0
01/21/2021,4937,0,25,257,34,199,22,81,43,7,84,112,18,38,2,24,5,43,2,1,13,44,47,24,13,4,4,1,5,10,4,3,0,1,2,0,1,2,1,0,1,0,0,0,2,1,0,0,0,0,0,0,0,0,0,0,0,0,0,0,0,0
01/22/2021,4711,1,25,237,32,165,13,116,51,7,86,111,7,38,1,19,3,40,4,1,8,49,52,17,23,3,4,1,3,7,3,2,0,2,0,0,0,3,2,0,0,0,0,0,0,0,0,0,0,0,0,1,0,0,0,0,0,0,0,0,0,0
01/23/2021,3275,1,18,182,22,138,15,94,49,13,72,97,20,21,3,16,11,41,3,1,4,37,10,20,15,6,3,0,1,2,1,0,2,0,0,0,0,0,0,0,0,0,0,0,0,0,0,1,0,0,0,0,0,0,0,0,0,0,0,0,0,0
01/24/2021,2855,1,6,170,24,141,8,103,68,8,55,102,11,23,1,19,13,32,1,1,5,42,12,13,23,3,5,0,1,3,0,1,1,0,0,0,0,0,0,0,0,0,0,0,0,0,0,0,0,0,0,0,0,0,1,0,0,0,0,0,0,0
01/25/2021,5660,1,9,228,30,177,10,92,35,14,105,102,2,40,6,19,3,31,2,3,15,46,8,18,10,5,7,0,3,11,0,2,2,1,0,0,0,0,1,0,0,0,0,0,0,0,0,0,0,0,0,0,0,0,0,0,0,0,0,0,0,0
01/26/2021,4697,1,11,240,26,163,14,85,45,14,71,135,3,25,2,20,3,23,1,1,11,37,25,24,12,3,6,0,3,10,0,1,1,0,1,0,0,2,0,0,0,0,0,0,0,0,0,0,0,0,0,0,0,0,0,0,0,0,0,0,0,0
01/27/2021,4780,0,17,231,27,170,20,76,52,12,72,115,7,34,1,14,8,35,0,1,15,34,56,14,18,4,5,0,3,8,1,3,1,0,1,0,0,1,2,1,0,0,0,0,1,1,2,0,0,0,0,0,0,0,0,0,0,0,0,0,0,0
01/28/2021,4675,0,16,172,26,160,11,80,42,9,85,96,9,28,1,19,9,25,0,1,13,43,40,18,19,3,8,0,5,7,1,1,1,0,1,0,1,1,0,1,0,0,0,0,0,1,0,0,0,0,0,0,0,0,0,0,0,0,0,0,0,0
01/29/2021,3668,1,18,204,31,151,13,85,28,12,68,87,16,44,1,25,4,33,2,2,13,38,38,23,26,5,1,0,1,5,1,0,1,0,1,0,0,0,0,0,0,0,0,0,0,0,0,0,0,0,0,0,0,0,0,0,0,0,0,0,0,0
01/30/2021,2858,1,8,205,34,165,14,93,55,8,71,120,11,26,2,19,11,33,0,5,3,32,22,14,12,1,1,0,3,6,2,1,1,0,0,0,0,4,2,0,0,0,0,0,0,0,0,1,0,0,0,0,0,0,0,0,0,0,0,0,0,0
01/31/2021,2891,1,8,166,34,143,9,117,50,12,40,73,12,29,2,22,7,27,5,2,3,40,7,17,9,2,2,2,0,4,0,1,0,0,0,0,0,2,0,0,0,0,0,0,0,0,0,2,0,0,0,0,0,0,0,0,0,0,0,0,0,0
02/01/2021,975,0,2,118,14,128,10,78,48,23,53,98,0,22,2,12,2,22,1,5,38,54,1,8,3,0,5,0,0,9,1,2,0,0,1,0,0,2,0,0,0,0,0,0,0,0,0,0,0,0,0,0,0,0,0,0,0,0,0,0,0,0
02/02/2021,2660,1,6,149,12,155,9,90,40,13,57,78,3,16,1,15,5,30,1,3,11,30,26,10,11,4,4,0,0,5,0,1,0,2,2,0,0,3,0,0,0,0,0,1,0,0,0,0,0,0,0,0,0,0,0,0,0,0,0,0,0,0
02/03/2021,5143,2,22,178,22,186,15,120,56,16,60,87,8,20,1,4,4,35,2,1,12,44,38,8,13,0,7,0,4,4,0,0,2,0,2,0,0,0,1,1,0,0,0,0,0,0,0,0,0,0,0,0,0,0,0,0,0,0,0,0,0,1
02/04/2021,4856,0,18,209,23,158,15,117,51,6,81,108,8,23,4,17,3,37,1,1,16,38,66,22,24,7,6,0,1,5,0,1,0,0,2,0,0,2,0,1,0,0,1,0,0,0,0,0,0,1,0,0,0,0,0,0,0,0,0,0,0,0
02/05/2021,4157,1,22,226,31,205,12,102,41,13,89,100,6,34,5,27,8,24,1,1,17,47,40,14,19,3,7,0,3,10,1,1,0,0,1,0,0,2,0,0,0,0,0,0,0,0,0,0,0,0,0,0,0,0,0,0,1,0,0,0,0,0
02/06/2021,3079,2,17,184,33,172,12,109,59,14,71,89,14,34,4,23,13,40,2,7,4,41,16,21,13,5,5,0,1,2,0,1,1,0,3,0,0,2,0,0,0,0,0,0,0,0,0,0,0,0,0,0,0,0,0,0,0,0,0,0,0,0
02/07/2021,1647,3,8,149,43,157,11,113,60,14,36,74,6,22,5,21,16,29,0,1,3,39,5,14,11,3,3,0,1,8,0,0,0,1,0,0,0,2,0,0,0,0,0,0,0,0,1,0,0,0,0,0,0,0,0,0,0,0,0,0,0,0
02/08/2021,4430,0,8,217,26,165,14,94,42,10,85,70,6,29,3,15,4,40,3,2,12,37,16,21,11,5,6,0,1,12,0,1,0,0,1,0,1,4,0,0,0,0,0,0,0,0,0,0,0,0,0,0,0,0,0,0,0,0,0,0,0,0
02/09/2021,3730,0,14,192,32,164,17,93,34,11,87,84,11,23,2,18,3,36,0,2,12,45,24,14,15,8,6,1,5,9,0,0,2,0,0,0,0,1,0,0,1,0,0,0,0,0,0,0,0,0,0,0,0,0,0,0,0,0,0,0,1,0
02/10/2021,3778,1,13,206,24,183,11,75,44,14,74,129,6,31,2,23,4,29,0,3,10,47,48,21,18,4,7,0,4,7,0,2,1,2,3,0,1,1,1,0,0,0,0,0,0,0,2,0,0,1,0,0,0,0,0,0,0,0,0,0,0,0
02/11/2021,3411,0,17,192,31,179,11,90,29,6,79,95,6,27,2,18,7,35,1,2,17,40,48,13,14,6,5,0,6,10,0,0,2,0,2,0,0,1,1,0,1,0,0,0,1,0,0,0,0,0,0,0,0,0,0,0,0,0,0,0,0,0
02/12/2021,3314,2,25,196,26,182,15,111,47,13,79,108,7,34,0,19,10,27,0,2,6,42,43,11,20,5,2,0,12,10,2,1,1,0,3,0,0,4,1,0,0,0,1,0,0,0,0,0,0,0,0,0,0,0,0,0,0,0,0,0,0,0
02/13/2021,2204,1,20,197,31,178,15,100,39,14,69,98,8,28,2,12,12,30,3,2,8,34,27,12,10,3,4,0,2,5,2,1,0,0,0,0,0,0,0,0,1,0,0,0,0,0,0,0,0,0,0,0,0,0,0,0,0,0,0,0,0,0
02/14/2021,1896,0,10,183,29,203,15,111,59,16,66,101,11,29,5,16,8,39,3,2,8,62,10,10,4,3,2,0,2,4,1,2,2,0,0,0,0,1,0,0,0,0,0,0,0,0,0,0,0,0,0,0,0,0,0,0,0,0,0,0,0,0
02/15/2021,2858,0,9,191,31,193,11,100,43,17,89,85,3,25,3,21,9,32,0,4,14,38,10,13,6,2,8,0,4,7,0,1,0,0,1,0,0,1,1,0,0,0,0,0,0,0,0,0,0,1,0,0,0,0,0,0,0,0,0,0,0,0
02/16/2021,3724,1,14,220,30,175,19,119,52,15,103,95,5,40,0,15,1,31,1,3,18,47,31,9,12,2,4,0,3,9,0,2,0,1,1,0,0,0,0,0,0,0,1,0,0,0,1,0,0,0,0,0,0,0,0,0,0,0,0,0,0,0
02/17/2021,3438,1,27,221,30,170,13,102,45,8,89,119,11,40,3,29,5,34,3,0,6,41,36,20,15,1,9,0,6,9,1,1,1,0,1,0,0,2,0,0,1,0,0,0,0,0,1,0,0,0,0,0,0,0,0,0,0,0,0,0,0,0
02/18/2021,2047,0,13,188,19,151,14,83,45,7,58,69,6,29,2,24,5,24,5,2,12,43,4,12,4,1,4,0,1,6,0,2,1,0,2,0,0,1,0,0,0,0,0,0,0,0,0,0,0,0,0,0,0,0,0,0,0,0,0,0,0,0
02/19/2021,3017,0,16,189,35,165,17,108,38,11,70,84,12,29,1,18,4,30,2,1,12,45,45,12,9,2,8,0,0,7,1,0,1,0,2,0,0,2,2,0,0,0,1,0,0,0,0,0,0,0,0,0,0,0,0,0,0,0,0,0,0,0
02/20/2021,2494,2,22,202,37,165,13,110,52,23,71,119,13,27,6,25,16,43,1,8,8,34,29,14,13,5,2,0,3,5,1,2,0,0,2,0,0,2,0,2,0,0,0,0,1,0,0,0,0,0,0,0,0,0,0,0,0,0,0,0,0,0
02/21/2021,2287,1,15,180,25,194,14,121,59,12,59,75,8,24,3,19,12,42,1,1,9,44,13,13,12,2,3,0,3,7,1,0,0,1,0,0,0,1,0,0,0,0,0,0,0,0,0,0,0,0,0,0,0,0,0,0,0,0,0,1,0,0
02/22/2021,3615,2,9,201,30,153,11,88,44,5,89,82,6,35,1,10,5,35,2,1,14,61,14,10,8,3,6,0,2,9,1,1,0,1,1,0,0,1,0,0,0,0,0,0,0,0,0,0,0,0,0,0,0,0,0,0,0,0,0,0,0,0
02/23/2021,3474,0,23,205,32,183,13,101,44,10,96,96,11,38,4,24,2,43,1,1,14,44,38,12,7,3,3,1,6,10,3,4,0,0,0,0,1,0,0,0,0,0,1,0,0,0,0,0,0,0,0,0,0,0,0,0,0,0,0,0,0,0
02/24/2021,3460,1,16,229,42,173,20,112,52,15,85,123,11,28,5,19,5,42,2,3,11,45,54,18,20,3,4,0,7,10,0,0,1,0,1,0,0,0,0,0,0,0,0,0,0,0,0,0,0,0,0,0,0,0,0,0,0,0,0,0,0,0
02/25/2021,3480,1,17,224,26,205,19,99,65,11,83,127,8,37,6,18,10,37,4,3,15,62,50,12,16,2,4,0,5,6,2,5,1,0,1,0,0,3,0,0,0,0,0,0,0,0,0,0,0,1,0,0,0,0,0,0,0,0,0,0,0,0
02/26/2021,3239,3,20,214,36,160,20,113,50,19,93,129,8,38,4,25,4,37,0,2,15,42,46,17,12,5,5,0,7,8,1,0,1,0,3,0,0,4,0,0,0,0,0,0,0,0,0,0,0,0,0,0,0,0,0,0,0,0,0,0,0,0
02/27/2021,2015,1,11,192,36,181,13,138,63,8,60,94,9,36,3,10,14,34,3,2,6,33,20,16,13,4,2,0,1,5,0,6,1,1,0,0,0,0,0,0,0,0,1,0,0,0,0,0,0,0,0,0,0,0,0,0,0,0,0,0,0,0
02/28/2021,2038,0,11,174,26,176,22,132,61,13,69,87,17,24,1,17,11,32,2,2,8,60,8,24,12,1,4,0,0,5,1,1,1,0,0,0,0,3,0,0,0,0,0,1,0,0,0,1,0,0,0,0,0,0,0,0,0,0,0,0,0,0
03/01/2021,3725,0,15,247,22,211,11,146,46,26,110,183,6,42,0,18,3,40,0,4,29,59,27,11,15,5,4,0,5,32,2,0,0,0,1,0,0,3,0,0,0,0,0,0,0,0,0,0,0,0,0,0,0,0,0,0,0,0,0,0,0,0
03/02/2021,3109,0,14,175,22,179,17,106,48,6,88,175,17,27,2,17,3,33,3,2,13,44,38,13,14,2,9,0,1,18,1,2,1,0,2,0,1,2,0,0,0,0,0,0,0,0,0,0,0,0,0,0,0,0,0,0,0,0,0,0,0,0
03/03/2021,3241,0,27,209,30,190,14,113,45,13,92,157,8,35,2,13,3,49,2,4,12,58,52,12,11,1,3,0,4,19,4,6,1,0,3,0,0,3,0,1,0,0,0,0,0,0,0,0,0,1,1,0,0,0,0,0,0,0,0,0,0,0
03/04/2021,3118,1,19,226,28,176,22,110,53,16,95,153,10,27,1,22,3,45,3,7,15,49,45,18,17,5,6,0,2,14,0,0,2,0,2,0,0,3,0,0,0,0,0,0,0,0,0,0,0,0,0,0,0,0,0,0,0,0,0,0,0,0
03/05/2021,2886,1,19,217,38,177,14,118,59,19,89,116,8,31,2,22,11,33,3,2,9,47,49,22,25,4,4,0,4,8,0,3,0,0,1,0,0,0,1,0,0,0,0,0,0,0,0,0,0,0,0,0,0,0,0,1,1,0,0,0,0,0
03/06/2021,2044,2,17,198,19,174,13,99,49,11,64,136,11,23,6,17,16,24,2,2,4,38,26,15,16,2,11,0,0,6,0,1,0,0,0,0,0,5,0,0,0,0,0,0,0,0,0,2,0,0,0,0,0,0,0,0,0,0,0,0,0,0
03/07/2021,1876,2,9,158,42,172,8,99,64,9,52,118,7,21,1,18,13,32,1,1,9,46,13,24,12,5,4,1,3,4,0,1,2,1,2,0,1,3,1,1,0,0,0,0,0,0,0,0,0,0,0,0,0,0,0,0,0,0,0,0,0,0
03/08/2021,3399,2,13,191,27,160,8,106,37,10,95,91,5,26,1,18,1,35,0,1,24,44,18,9,13,2,6,0,4,21,0,1,0,0,0,0,0,2,0,0,0,0,0,0,0,0,0,0,0,0,0,0,0,0,0,1,0,0,0,0,0,0
03/09/2021,3340,2,23,181,23,173,19,134,57,18,87,161,10,35,4,18,7,37,3,2,12,44,59,16,18,0,3,0,2,13,1,2,1,0,0,0,0,6,2,1,0,0,0,0,0,0,0,0,1,0,0,0,0,0,0,0,0,0,0,0,0,0
03/10/2021,3203,3,24,235,24,184,12,99,52,11,97,143,7,27,4,21,3,45,2,4,9,53,43,10,16,4,7,0,4,14,1,1,1,0,3,0,0,1,1,0,0,0,1,0,0,0,0,0,0,0,0,0,0,0,0,0,0,0,0,0,0,0
03/11/2021,3106,3,23,219,19,210,19,89,59,24,63,137,9,34,3,18,11,45,3,0,12,41,44,18,14,3,4,0,5,19,0,2,2,0,0,0,0,3,0,3,0,0,0,0,0,0,0,0,0,0,0,0,0,0,0,0,0,0,0,0,0,0
03/12/2021,3202,1,25,245,32,206,19,141,82,13,85,137,7,44,4,30,7,30,2,2,13,50,49,27,22,4,4,1,5,10,2,5,3,0,2,0,2,5,0,0,0,0,2,0,0,0,0,0,0,0,0,0,0,0,0,0,0,0,0,0,0,0
03/13/2021,2175,2,15,155,34,211,18,133,71,15,75,133,4,38,4,20,10,40,1,2,8,42,25,13,13,3,8,0,4,5,0,0,1,0,2,0,0,0,0,2,0,0,0,0,0,0,0,0,0,0,0,0,0,0,0,0,0,0,0,0,0,0
03/14/2021,1923,0,17,191,28,178,13,114,69,21,53,100,2,29,4,21,11,32,2,2,9,33,16,14,6,3,7,0,4,3,0,4,0,0,0,0,0,1,0,0,1,0,0,0,0,0,0,0,0,0,0,0,0,0,0,0,0,0,0,0,0,0
03/15/2021,3391,2,8,208,27,198,10,106,41,16,117,97,4,29,0,18,4,24,1,1,16,49,15,19,16,5,6,2,2,13,0,7,1,0,3,0,0,1,0,0,0,0,0,0,0,0,0,0,0,0,0,0,0,0,0,0,0,0,0,0,0,0
03/16/2021,3196,0,20,204,27,196,14,107,56,18,95,136,8,27,3,16,2,34,3,1,10,30,33,8,19,1,5,1,3,11,2,3,1,1,1,0,0,4,0,0,0,0,0,0,0,0,0,0,0,0,0,0,0,0,0,0,0,0,0,0,0,0
03/17/2021,3170,2,27,215,27,189,15,114,61,22,81,99,14,28,2,32,10,35,1,3,17,49,34,15,12,3,9,0,3,15,3,2,1,0,1,0,0,1,0,0,0,0,0,0,0,0,0,0,0,0,0,0,0,0,0,0,0,0,0,0,0,0
03/18/2021,2916,0,14,188,27,167,18,111,43,14,88,117,6,25,2,26,9,23,1,5,15,45,28,11,7,3,7,0,1,14,0,4,2,1,1,0,0,2,0,0,0,0,0,0,0,0,0,0,0,0,0,0,0,0,0,0,0,0,0,0,0,0
03/19/2021,3048,1,21,192,22,166,16,115,42,20,91,132,8,27,1,21,15,34,0,4,13,56,31,20,16,0,12,1,10,8,0,2,1,0,2,0,0,2,0,0,1,0,0,0,0,1,0,1,0,0,0,0,0,0,0,0,0,0,0,0,0,0
03/20/2021,2158,0,15,199,20,223,17,127,54,21,77,126,7,29,1,14,10,53,1,1,8,49,28,23,11,4,4,0,1,7,1,1,1,0,1,0,0,1,0,0,0,0,0,0,0,0,0,0,0,0,0,0,0,0,0,0,0,0,0,0,0,0
03/21/2021,2090,1,22,160,22,212,23,147,70,15,90,139,3,28,1,22,17,22,1,4,3,49,15,17,11,2,5,1,1,6,0,3,0,1,1,0,0,2,1,0,0,0,0,0,0,0,0,0,0,0,0,0,0,0,0,0,0,0,0,0,0,0
03/22/2021,3881,1,15,207,32,207,18,115,49,11,100,104,7,24,2,18,5,35,3,3,9,50,17,25,12,4,6,1,4,14,1,1,0,0,3,0,0,2,1,0,0,0,0,0,0,0,0,0,0,0,0,0,0,0,0,0,0,0,0,0,0,0
03/23/2021,3250,1,18,217,27,181,13,152,31,12,98,118,14,22,6,20,6,39,4,4,11,52,40,23,12,1,3,1,7,9,0,0,1,0,5,0,0,2,0,0,0,0,0,0,0,0,0,0,0,0,0,0,0,0,0,0,0,0,0,0,0,0
03/24/2021,3453,1,26,168,25,196,20,103,49,14,96,141,9,34,2,18,13,35,2,1,19,49,32,29,7,0,7,0,4,11,1,2,2,1,1,0,0,2,0,0,0,1,0,0,0,0,0,0,0,0,0,0,0,0,0,0,0,0,0,0,0,0
03/25/2021,3798,0,9,224,29,195,22,107,49,16,77,125,10,32,4,20,5,39,3,1,20,49,55,16,14,3,5,0,3,17,0,0,0,3,4,0,0,4,1,1,0,0,0,0,0,0,0,0,0,0,0,0,0,0,0,0,0,0,0,0,0,0
03/26/2021,3418,1,11,197,26,180,14,129,61,16,97,124,7,38,1,23,9,42,1,3,12,42,31,21,14,2,7,1,3,12,0,2,0,0,0,0,0,2,0,1,1,0,0,0,0,0,0,0,0,0,0,0,0,0,0,0,0,0,0,0,0,0
03/27/2021,2223,4,9,184,30,165,16,154,69,16,81,123,1,32,2,28,3,24,1,4,6,45,16,29,5,3,7,0,3,7,1,4,1,0,0,0,0,0,0,0,0,0,0,0,0,0,0,0,0,0,0,0,0,0,0,0,0,0,0,0,0,0
03/28/2021,1751,0,5,169,31,162,9,109,56,16,76,123,1,20,1,18,12,29,4,4,4,52,5,17,1,4,5,1,0,5,0,1,0,0,0,0,0,0,0,0,0,0,0,0,0,0,0,0,0,0,0,0,0,0,0,0,0,0,0,0,0,0
03/29/2021,3557,1,10,210,36,194,10,116,39,19,89,96,5,27,1,23,10,39,2,6,17,51,11,14,9,2,7,0,1,13,1,3,0,1,3,0,0,0,0,0,0,0,0,0,0,0,0,0,0,0,0,0,0,0,0,0,0,0,0,0,0,0
03/30/2021,3187,1,16,233,33,178,7,96,58,14,103,118,3,29,5,29,2,39,4,5,11,53,21,24,7,4,6,0,8,12,0,1,0,0,0,0,0,2,0,1,0,0,0,0,0,0,0,0,1,0,0,0,0,0,0,0,0,0,0,0,0,0
03/31/2021,3185,0,8,193,18,176,17,120,47,10,107,118,1,33,3,27,5,30,2,2,15,44,11,15,8,1,4,0,5,11,2,1,0,0,1,0,0,3,0,0,0,0,0,0,0,0,0,0,0,0,0,0,0,0,0,0,0,0,0,0,0,0
04/01/2021,2866,1,16,212,22,185,19,97,41,32,91,179,3,36,1,19,5,34,1,7,27,58,40,22,9,3,8,0,5,18,0,0,0,0,0,0,1,4,0,0,0,0,0,0,0,0,0,1,0,0,0,0,0,0,0,0,0,0,0,0,0,0
04/02/2021,2619,1,8,225,21,215,10,104,59,9,90,111,4,28,1,18,4,35,1,4,19,39,27,20,7,4,3,1,2,11,1,2,0,1,2,0,0,3,0,1,1,0,1,0,0,0,0,0,0,0,0,0,0,0,0,0,0,0,0,0,0,0
04/03/2021,2050,1,7,161,23,190,14,116,65,19,76,95,3,26,2,24,5,18,3,5,6,38,12,26,14,1,3,0,3,2,0,0,1,0,3,0,0,5,0,0,0,0,0,0,0,0,0,0,0,0,0,0,0,0,0,0,0,0,0,0,0,0
04/04/2021,1467,1,3,165,37,168,16,142,69,16,54,98,0,20,4,23,9,35,1,1,8,27,3,13,9,3,4,0,0,9,0,3,0,1,0,0,0,0,1,0,0,0,0,0,0,0,0,0,0,0,0,0,0,0,0,0,0,0,0,0,0,0
04/05/2021,3269,4,9,200,35,197,8,104,77,13,91,105,2,33,1,26,1,37,3,2,16,48,16,22,6,3,3,0,3,24,3,2,1,1,2,0,0,0,0,0,0,1,0,0,0,0,0,0,0,0,0,0,0,0,0,0,0,0,0,0,0,0
04/06/2021,3003,1,12,199,25,191,16,114,65,23,73,100,8,34,0,26,3,38,1,4,13,47,10,19,16,2,5,0,4,13,0,5,0,0,1,0,1,3,0,0,0,0,1,0,0,0,0,0,0,0,0,0,0,0,0,0,0,0,0,0,0,0
04/07/2021,2764,1,11,176,30,209,25,117,50,12,70,141,12,28,8,29,6,34,1,2,16,34,26,28,16,6,6,1,6,14,1,2,3,0,1,0,0,3,0,1,0,0,0,0,0,0,1,0,0,0,0,0,0,0,0,0,0,0,0,0,0,0
04/08/2021,2571,0,14,209,15,227,19,96,53,14,94,110,7,25,1,24,4,34,0,2,15,51,31,22,8,4,7,1,1,9,0,0,1,0,2,0,0,2,0,0,0,0,0,0,0,0,0,0,0,0,0,0,0,0,0,0,0,0,0,0,0,0
04/09/2021,2469,0,11,187,28,203,10,119,55,11,82,124,3,33,1,31,11,38,2,3,18,34,18,23,18,5,3,0,3,12,1,2,1,0,2,0,2,3,0,2,0,0,0,0,0,0,0,0,0,0,0,0,0,0,0,0,0,0,0,0,0,0
04/10/2021,1723,1,4,170,27,173,16,158,59,22,74,285,7,39,5,27,13,47,1,2,9,50,11,29,10,3,5,1,1,8,0,2,0,1,0,0,0,4,0,0,0,0,0,0,0,0,0,1,0,0,0,0,0,0,0,0,0,0,0,0,0,0
04/11/2021,1315,1,12,183,32,165,14,124,49,20,68,87,3,27,1,32,15,37,2,2,9,50,9,14,1,2,7,0,2,7,1,4,0,0,1,0,0,3,0,0,0,0,0,0,0,0,0,0,0,0,0,0,0,0,0,0,0,0,0,0,0,0
04/12/2021,2533,1,6,178,25,176,10,104,47,14,100,99,1,31,3,22,5,37,0,1,17,42,4,19,5,6,7,0,2,15,1,1,0,0,3,0,0,2,0,0,0,0,0,0,0,0,0,0,0,0,0,0,0,0,0,0,0,0,0,0,0,0
04/13/2021,2362,0,17,209,29,203,11,120,55,10,86,127,4,22,4,30,1,49,1,1,13,45,14,16,9,4,5,0,3,17,0,0,0,1,0,0,0,3,0,0,0,0,0,0,0,0,0,0,0,0,0,0,0,0,0,0,0,0,0,0,0,0
04/14/2021,2241,3,13,225,27,202,22,93,53,11,100,111,6,22,8,11,6,42,1,0,18,38,25,14,11,6,4,0,3,13,1,0,1,0,2,0,0,2,0,1,0,0,0,0,0,0,0,0,0,0,0,0,0,0,0,0,0,0,0,0,0,0
04/15/2021,2015,1,12,201,30,187,16,94,42,14,93,138,5,28,1,20,4,23,0,5,22,58,15,16,14,5,5,1,2,18,2,0,0,0,1,0,2,2,0,0,0,0,0,0,0,0,0,0,0,0,0,0,0,0,0,0,0,0,0,0,0,0
04/16/2021,1837,0,4,225,27,182,15,120,55,14,88,133,6,41,2,19,10,23,0,2,14,52,7,15,6,3,4,0,5,11,0,2,0,1,2,0,0,5,0,0,0,0,0,0,0,0,0,0,0,0,0,0,0,0,0,0,0,0,0,0,0,0
04/17/2021,1275,0,9,193,35,183,13,121,76,13,91,119,1,19,2,29,12,41,3,7,5,36,10,20,11,4,6,0,1,13,2,2,0,0,0,0,0,3,0,0,0,0,0,0,0,0,0,0,0,0,0,0,0,0,0,0,0,0,0,0,0,0
04/18/2021,1056,1,10,168,21,166,14,132,48,16,72,127,4,23,1,24,5,31,2,0,3,42,3,20,7,3,1,2,4,9,0,1,0,1,1,0,0,2,0,0,0,0,0,0,0,0,0,0,0,0,0,0,0,0,0,0,0,0,0,0,0,0
04/19/2021,1881,0,9,208,45,213,12,128,62,23,102,86,2,20,0,28,7,33,0,2,17,36,8,21,5,3,1,1,2,17,1,4,1,0,1,1,0,2,1,0,0,0,0,0,0,0,0,0,0,0,0,0,0,0,0,0,0,0,0,0,0,0
04/20/2021,1604,1,13,198,35,229,18,100,36,17,99,125,0,19,4,22,2,52,4,2,9,45,6,26,5,1,1,0,4,13,1,3,0,0,0,0,0,0,1,0,0,0,0,0,0,0,0,0,0,0,0,0,0,0,0,0,0,0,0,0,0,0
04/21/2021,1416,3,12,223,24,183,17,100,52,17,85,89,8,34,1,20,4,34,1,3,12,51,11,16,7,4,6,0,4,11,0,0,2,0,2,0,0,4,1,0,0,0,0,0,0,0,0,0,0,0,0,0,0,1,0,0,0,0,0,0,0,0
04/22/2021,1361,2,11,204,30,170,20,101,42,11,96,119,2,26,2,25,3,28,1,4,15,51,11,14,15,6,2,0,3,9,3,0,0,0,2,0,1,3,0,0,1,0,0,0,0,0,0,0,0,0,0,0,0,0,0,0,0,0,0,0,0,0
04/23/2021,1289,4,11,223,30,184,13,119,47,9,76,129,5,46,3,26,6,24,0,1,24,44,8,23,6,2,5,1,1,13,1,0,0,0,0,0,0,1,0,0,0,0,0,0,0,0,0,0,0,0,0,0,0,0,0,0,0,0,0,0,0,0
04/24/2021,852,2,9,208,43,185,15,133,65,19,85,120,1,31,7,30,9,51,2,1,7,45,9,30,6,3,6,0,1,6,0,3,0,0,1,0,0,0,0,0,0,0,0,0,0,0,0,0,0,0,0,0,0,0,0,1,0,0,0,0,0,0
04/25/2021,757,1,6,175,25,154,13,153,65,14,70,105,2,31,4,21,5,52,2,4,6,51,2,26,6,3,8,0,1,3,0,3,0,1,1,0,0,1,0,0,0,0,0,0,0,0,0,0,0,0,0,0,0,0,0,0,0,0,0,0,0,0
04/26/2021,1368,3,5,221,41,203,12,127,62,10,114,87,1,27,3,25,3,44,0,1,29,53,3,39,6,3,4,0,2,13,0,5,0,0,4,0,1,2,0,0,0,0,0,0,0,0,0,0,0,0,0,0,0,0,0,0,0,0,0,0,0,0
04/27/2021,1138,3,14,204,34,205,8,113,54,15,94,124,3,25,3,34,5,32,0,2,15,45,21,26,5,1,10,3,2,19,2,2,0,0,2,0,0,2,0,0,0,0,0,0,0,0,0,0,0,1,0,0,0,0,0,0,0,0,0,0,0,0
04/28/2021,1215,3,13,205,36,179,13,104,59,17,86,140,3,29,4,24,8,30,1,3,12,46,22,14,7,2,7,1,4,11,1,1,0,0,1,0,0,2,0,0,0,0,0,0,0,0,0,0,0,0,0,0,0,0,0,0,1,0,0,0,0,0
04/29/2021,1055,2,14,207,28,189,14,132,67,17,104,96,4,26,0,25,5,44,0,3,15,45,10,18,10,2,10,1,3,10,2,1,1,0,0,0,1,3,0,0,0,0,0,0,0,0,0,0,0,0,0,0,0,0,0,0,0,0,0,0,0,0
04/30/2021,963,1,4,196,38,211,14,114,64,16,101,117,7,34,1,30,6,37,1,1,18,47,10,28,9,4,5,0,2,10,1,0,0,0,1,0,1,2,0,1,0,0,0,0,0,0,0,1,0,0,0,0,0,0,0,0,0,0,0,0,0,0
05/01/2021,577,0,8,199,32,236,11,154,81,26,97,154,8,28,4,30,8,40,4,9,17,48,8,27,6,4,3,1,2,17,1,2,0,0,1,0,0,1,2,0,0,0,0,0,0,1,0,0,0,0,0,0,0,0,0,0,0,0,0,0,0,0
05/02/2021,569,1,5,208,38,207,11,144,69,12,69,115,0,30,4,34,9,41,1,2,3,35,7,35,1,4,2,2,2,4,0,0,0,3,0,0,0,1,0,0,0,0,0,0,0,0,0,0,0,0,0,0,0,0,0,0,1,0,0,0,0,0
05/03/2021,935,0,9,223,25,209,15,134,55,14,91,110,2,32,2,27,4,42,2,2,14,51,1,19,7,0,3,1,4,7,0,1,0,0,0,0,1,5,0,0,0,0,0,0,0,0,0,0,0,0,0,0,0,0,0,0,0,0,0,0,0,0
05/04/2021,877,0,6,209,31,202,20,119,40,8,96,103,5,28,2,24,3,40,2,1,19,49,10,26,11,6,8,0,1,3,0,2,0,1,1,0,0,4,0,0,0,0,0,0,0,0,0,0,0,0,0,0,0,0,0,0,0,0,0,0,0,0
05/05/2021,779,1,12,201,22,188,15,100,56,12,95,114,5,35,1,28,3,34,1,1,11,56,22,17,19,3,3,0,6,12,0,1,1,0,3,0,2,3,0,0,0,0,0,0,0,0,0,0,0,0,0,0,0,0,0,0,0,0,0,0,0,0
05/06/2021,784,4,15,206,31,213,11,141,54,18,103,123,7,30,2,17,3,40,3,2,8,50,27,27,17,6,6,0,5,17,0,2,0,0,1,1,0,2,0,1,1,0,0,0,0,0,0,0,0,0,0,0,0,0,0,0,0,0,0,0,0,0
05/07/2021,715,0,11,240,47,210,12,121,64,16,79,110,14,29,1,35,5,39,2,4,9,48,21,20,15,7,5,0,2,10,3,1,3,0,1,0,1,3,0,1,0,0,0,0,0,0,0,0,0,0,0,0,0,0,0,0,0,0,0,0,0,0
05/08/2021,383,3,13,206,42,183,12,130,72,14,69,117,14,25,0,28,14,44,2,7,5,48,8,20,18,1,6,0,4,2,2,1,1,0,0,0,0,1,1,0,0,0,0,0,0,0,0,0,0,0,0,0,0,0,0,0,0,0,0,0,0,0
05/09/2021,343,2,10,194,35,179,11,129,62,14,64,97,8,30,2,23,12,37,2,1,4,44,6,14,12,2,3,2,2,3,0,1,0,0,1,0,0,1,0,0,0,0,0,0,0,0,0,0,0,0,0,0,0,0,0,0,0,0,0,1,0,0
05/10/2021,654,2,9,228,31,230,12,121,60,11,102,114,4,38,1,26,0,36,1,1,9,49,7,15,13,2,4,0,1,7,1,1,1,1,0,0,0,3,0,0,0,0,0,0,0,0,0,0,0,0,0,0,0,0,0,0,0,0,0,0,0,0
05/11/2021,629,0,17,219,48,188,9,113,64,16,97,115,7,36,3,30,3,41,1,3,4,48,20,29,11,2,5,0,5,5,2,0,0,0,0,0,0,1,1,0,0,0,0,0,0,0,0,0,0,0,0,0,0,0,0,0,0,0,0,0,0,0
05/12/2021,594,2,17,220,31,203,13,148,49,11,95,147,9,24,6,31,9,37,2,5,13,46,36,28,17,1,4,0,5,7,0,0,2,1,1,0,0,1,0,0,0,0,0,0,0,0,0,0,0,0,0,0,0,0,0,0,0,0,0,0,0,0
05/13/2021,516,0,24,253,37,190,11,134,57,16,104,126,9,22,4,34,3,37,1,1,8,47,23,26,15,5,7,0,3,10,1,4,0,0,0,0,0,2,0,0,0,0,1,0,0,0,0,0,0,0,0,0,0,0,1,0,0,0,0,0,0,0
05/14/2021,486,1,13,226,54,197,22,132,65,15,99,135,7,34,2,34,13,34,2,4,11,42,11,27,8,4,2,0,1,5,1,1,1,0,1,0,0,3,0,0,0,0,0,0,0,0,0,0,0,0,0,0,0,0,0,0,0,0,0,0,0,0
05/15/2021,292,2,20,244,38,202,12,159,92,21,90,142,13,36,1,30,14,51,5,3,3,41,9,35,25,3,6,0,4,7,0,2,1,0,0,0,0,3,0,0,0,0,0,0,0,0,0,0,0,0,0,0,0,0,0,0,0,0,0,0,0,0
05/16/2021,279,1,10,232,41,198,7,185,80,17,75,111,8,27,1,30,7,47,1,2,6,46,5,23,14,0,8,0,2,3,0,4,1,0,0,0,0,2,0,0,0,0,0,0,0,0,0,0,0,0,0,0,0,0,0,0,0,0,0,0,0,0
05/17/2021,453,2,18,251,45,229,12,134,72,23,95,129,3,39,1,38,7,27,2,0,14,42,2,23,5,1,7,1,1,5,0,2,0,1,1,0,0,5,0,0,0,0,0,0,0,0,0,1,0,0,0,0,0,0,0,0,0,0,1,0,0,0
05/18/2021,415,2,16,257,36,201,24,120,74,17,89,136,11,28,1,37,5,52,5,3,7,45,15,31,13,2,7,0,5,4,0,3,1,1,1,0,1,0,1,1,0,0,0,0,0,0,0,0,0,0,0,0,0,0,0,0,0,0,0,0,0,0
05/19/2021,377,2,17,253,50,207,18,138,75,13,104,121,16,44,4,25,6,68,4,1,4,46,21,31,16,2,3,0,1,5,1,3,0,1,2,0,0,3,0,2,0,0,0,0,0,0,0,0,0,0,0,0,0,0,0,0,0,0,0,0,0,0
05/20/2021,395,0,28,232,41,224,17,155,62,21,88,146,5,31,0,36,10,47,3,4,8,52,18,20,14,1,5,0,2,5,1,2,0,0,0,0,0,2,0,0,0,0,0,0,0,0,0,1,0,0,0,0,0,0,0,0,0,0,0,0,0,0
05/21/2021,349,3,27,240,40,221,15,146,54,19,100,133,5,44,4,26,8,62,2,5,9,30,16,24,12,3,6,0,3,3,1,3,0,0,1,0,2,4,0,0,0,0,0,0,0,0,0,0,0,0,0,0,0,0,0,0,0,0,0,0,0,0
05/22/2021,233,0,14,170,43,210,11,174,97,20,83,132,8,31,2,32,13,48,1,2,2,37,11,50,19,2,1,0,3,5,0,3,0,1,0,0,0,4,1,2,0,0,0,0,0,0,0,0,0,0,0,0,0,0,0,0,0,0,0,0,0,0
05/23/2021,187,0,10,203,53,201,19,176,92,20,85,137,10,25,8,23,8,43,1,5,3,52,4,29,6,2,5,0,1,2,1,2,0,0,3,0,0,1,0,0,0,0,0,0,0,0,0,2,0,0,0,0,0,0,0,0,0,0,0,0,0,0
05/24/2021,355,1,9,270,49,206,18,143,68,22,113,135,1,32,1,29,5,38,2,3,6,55,2,28,8,1,5,0,4,7,0,1,0,0,2,1,1,1,0,0,0,0,0,0,0,0,0,0,0,0,0,0,0,0,0,0,0,0,0,0,0,0
05/25/2021,305,1,22,248,49,244,18,137,47,21,97,116,6,28,1,27,3,45,0,1,8,60,23,31,21,4,4,1,6,4,0,3,2,0,0,0,3,3,0,1,0,0,0,0,0,0,0,0,1,0,0,0,0,0,2,0,0,0,0,0,0,0
05/26/2021,248,0,17,251,46,210,12,131,56,14,99,121,4,31,2,39,4,30,0,8,4,36,19,22,13,2,4,0,1,10,2,2,1,2,0,0,2,0,0,0,0,1,0,0,0,0,0,1,0,0,1,0,0,0,0,0,0,0,0,0,0,0
05/27/2021,257,0,11,239,35,221,16,141,85,15,89,117,8,34,2,33,3,43,0,1,5,50,15,40,12,2,4,0,2,2,0,1,0,1,0,0,1,2,1,0,0,0,0,0,0,0,0,0,0,0,0,0,0,0,0,0,0,0,0,0,0,0
05/28/2021,210,4,13,217,40,187,7,119,57,17,100,129,9,37,1,21,10,38,0,1,12,55,12,24,7,3,8,0,4,5,1,0,2,0,0,0,1,4,2,0,0,0,0,0,0,0,0,0,0,0,0,0,0,0,0,0,0,0,0,0,0,0
05/29/2021,126,1,8,195,19,147,18,104,38,11,79,118,5,23,2,32,11,36,0,2,6,45,9,13,7,2,3,2,1,0,0,0,0,0,0,0,0,1,0,1,0,0,0,0,0,0,0,0,0,0,0,0,0,0,0,0,0,0,0,0,0,0
05/30/2021,120,2,8,177,25,148,8,100,58,10,69,100,0,27,2,24,19,28,0,1,5,41,4,27,13,1,0,0,3,1,1,0,0,0,1,0,0,1,0,0,0,0,1,0,0,0,0,1,0,0,0,0,0,0,0,0,0,0,0,0,0,0
05/31/2021,118,1,12,210,33,198,12,122,73,11,83,103,4,32,5,28,13,39,0,1,4,44,1,29,6,2,6,1,2,8,3,0,0,0,0,0,0,1,0,0,0,0,0,0,0,0,0,1,0,0,0,0,0,0,0,0,0,0,0,0,0,0
06/01/2021,288,0,10,274,32,239,21,139,56,23,107,175,21,29,7,26,11,54,3,5,10,66,22,11,13,6,4,1,4,9,3,0,2,0,4,0,1,6,0,1,0,0,1,0,0,0,0,0,0,0,0,0,0,0,0,0,0,0,0,0,0,0
06/02/2021,242,1,22,231,35,237,12,111,46,17,102,159,18,23,3,35,4,41,3,3,5,47,27,31,32,3,5,1,5,2,0,2,3,0,1,0,1,2,0,3,0,0,1,0,0,0,0,0,0,0,0,0,0,0,0,0,0,0,0,0,0,0
06/03/2021,206,1,11,218,36,207,12,127,55,15,106,144,5,36,1,23,1,32,1,2,3,48,66,18,19,4,0,1,2,5,1,0,0,0,0,0,0,1,0,0,0,1,1,0,0,0,0,0,0,0,0,0,0,0,0,0,0,0,0,0,0,0
06/04/2021,224,0,14,248,39,195,15,139,56,12,102,137,8,30,3,34,8,46,2,1,10,38,17,17,14,5,1,0,5,6,1,4,0,2,0,0,1,5,2,0,0,0,0,0,0,0,0,0,0,0,1,0,0,0,0,0,0,0,0,0,0,0
06/05/2021,142,2,17,179,46,217,23,148,98,22,91,145,13,40,6,20,10,44,3,0,2,45,16,27,16,5,1,1,0,2,1,0,1,0,2,0,0,1,0,1,0,0,0,1,0,0,0,3,0,0,0,0,0,0,0,0,0,1,0,0,0,0
06/06/2021,130,2,11,210,33,237,15,184,93,20,74,144,17,17,2,31,15,62,1,7,1,39,2,35,8,6,6,2,2,2,0,1,0,0,0,0,0,3,0,0,0,0,0,0,0,0,0,1,0,0,0,0,0,0,0,0,0,0,0,0,0,0
06/07/2021,219,3,11,210,33,244,12,139,76,23,106,126,5,35,4,30,4,41,0,1,3,46,9,39,14,3,4,1,1,8,1,1,0,0,2,0,0,0,0,0,0,0,0,0,0,0,0,0,0,0,0,0,0,0,0,0,0,0,0,0,0,0
06/08/2021,176,1,12,232,29,194,17,102,49,9,108,123,19,34,3,24,6,40,0,6,9,68,20,35,16,2,3,0,4,7,1,5,1,0,1,0,1,5,0,1,0,0,2,0,0,0,0,0,0,0,0,0,0,0,0,0,0,0,0,0,0,0
06/09/2021,211,0,13,236,40,217,15,129,53,8,111,128,15,41,2,33,8,38,1,3,9,37,36,28,21,5,4,1,4,4,4,2,1,0,0,0,1,2,0,1,0,0,0,0,0,0,0,0,0,0,0,0,0,0,0,0,0,0,0,0,0,0
06/10/2021,155,1,16,239,29,227,18,155,72,18,97,148,17,31,1,32,5,40,0,3,13,47,42,28,20,3,12,1,4,2,2,3,0,0,2,0,1,3,0,2,2,0,0,0,0,0,0,0,0,1,0,0,0,0,0,0,0,0,0,0,0,0
06/11/2021,189,4,13,237,33,239,15,122,71,14,108,122,9,36,1,25,5,49,2,3,6,54,13,28,21,4,9,0,2,5,1,2,0,1,0,0,0,2,0,0,0,0,0,0,0,0,0,0,0,0,0,0,0,0,0,0,0,0,0,0,0,0
06/12/2021,121,2,18,213,40,210,15,131,57,17,88,132,6,29,5,30,12,32,1,2,4,30,12,25,12,4,6,0,1,3,1,1,0,0,0,0,0,1,0,0,1,0,2,0,0,0,0,1,0,0,0,0,0,1,0,0,0,0,0,0,0,0
06/13/2021,113,0,7,213,28,200,25,189,75,11,94,126,3,25,2,32,15,33,3,2,1,40,5,27,13,1,9,0,2,2,0,0,0,0,1,0,0,1,0,0,0,0,0,0,0,0,0,0,1,0,0,0,0,0,0,0,0,0,0,0,0,0
06/14/2021,180,2,5,248,34,214,15,118,70,16,100,135,1,36,3,41,4,43,1,2,10,49,6,17,7,7,4,1,6,5,0,1,0,0,2,0,0,3,0,0,0,0,0,0,0,0,0,0,0,0,0,0,0,0,0,0,0,0,0,0,0,0
06/15/2021,179,0,20,240,28,190,17,132,61,16,98,128,9,30,3,30,4,46,3,5,15,39,20,20,18,5,12,0,3,4,0,1,0,0,1,0,0,2,1,1,1,1,0,0,0,0,0,0,0,0,0,0,0,0,0,0,0,0,0,0,0,0
06/16/2021,175,3,20,242,46,195,13,120,55,12,123,119,10,43,1,29,5,32,3,6,6,35,22,25,12,4,7,2,4,5,1,2,1,0,1,0,1,0,0,2,0,0,1,0,0,0,0,0,0,0,0,0,0,0,0,0,0,0,0,0,0,0
06/17/2021,187,1,22,225,42,222,13,144,62,13,100,130,5,26,3,25,5,39,1,2,4,50,59,24,18,4,3,0,5,4,1,2,0,0,1,0,1,3,0,1,0,0,1,0,0,0,0,0,0,0,0,0,0,0,0,0,0,0,0,0,0,0
06/18/2021,158,0,15,244,38,216,15,152,57,10,103,139,10,35,4,33,7,38,0,2,7,40,18,34,12,3,7,0,5,6,1,2,3,1,0,0,2,1,0,0,0,0,0,0,0,0,0,1,0,0,0,0,0,0,0,0,0,0,0,0,0,0
06/19/2021,107,2,19,210,44,176,17,125,84,11,97,109,14,27,0,33,11,42,4,2,4,35,4,19,11,4,4,0,2,6,0,0,0,0,1,0,0,1,0,1,1,0,0,0,0,0,0,0,0,0,0,0,0,0,0,0,0,0,0,0,0,0
06/20/2021,97,0,15,191,35,199,23,188,98,11,79,135,1,23,3,17,11,50,2,5,4,54,4,26,11,3,5,1,2,0,2,1,0,0,0,0,0,4,0,0,0,0,0,0,0,0,0,1,0,0,0,0,0,0,0,0,0,0,0,0,0,0
06/21/2021,169,2,14,244,45,279,10,163,88,19,131,99,4,28,2,25,6,40,3,3,4,52,14,35,9,3,3,0,1,6,0,1,0,0,1,0,0,1,1,0,0,0,0,0,0,0,0,0,0,0,0,0,0,0,0,0,0,0,0,0,0,0
06/22/2021,171,2,13,236,41,204,16,122,49,17,97,129,5,25,4,33,3,36,0,4,10,44,13,17,8,10,7,1,3,14,1,1,0,1,2,0,2,2,0,0,0,0,0,0,0,0,0,0,0,0,0,0,0,0,0,0,0,0,0,0,0,0
06/23/2021,187,2,15,229,37,231,15,128,68,18,112,110,10,23,7,25,2,44,1,3,6,55,39,23,17,3,7,1,7,4,1,2,0,0,1,0,1,1,0,2,0,0,2,0,0,0,0,0,0,0,0,0,0,0,0,0,0,0,0,0,0,0
06/24/2021,175,0,17,245,40,222,17,123,72,16,107,133,7,20,1,30,2,29,3,2,5,44,33,25,13,3,3,0,3,2,1,3,0,0,1,0,2,2,0,4,0,0,2,0,0,0,0,0,0,0,0,0,0,0,0,0,1,0,0,0,0,0
06/25/2021,181,1,16,242,37,228,13,146,74,16,104,140,7,39,9,33,7,38,1,4,7,48,18,25,18,1,7,1,4,5,1,0,1,0,0,0,1,0,0,1,1,0,0,0,0,0,0,0,0,0,0,0,0,0,0,0,0,0,0,0,0,0
06/26/2021,118,0,15,237,41,217,14,183,75,17,92,155,1,31,2,25,16,47,1,5,7,50,8,35,8,3,5,0,3,1,0,2,0,1,0,0,0,1,0,0,0,0,1,0,0,0,0,0,0,0,0,0,0,0,0,0,0,0,0,0,0,0
06/27/2021,109,1,13,187,43,190,17,180,82,17,89,123,5,36,5,36,8,40,1,2,4,43,4,21,9,1,3,0,3,3,1,4,0,0,0,0,0,1,0,0,0,1,0,0,0,0,0,0,0,0,0,0,0,0,0,0,0,0,0,0,0,0
06/28/2021,205,1,6,251,46,205,12,153,64,29,103,119,9,38,2,52,3,33,3,3,7,58,8,23,7,6,5,2,2,2,0,4,1,1,0,0,0,1,0,0,0,0,1,0,0,0,1,1,0,0,0,0,0,0,0,0,0,0,0,0,0,0
06/29/2021,212,0,16,236,45,222,23,143,64,14,84,119,4,27,3,31,4,39,1,3,8,39,18,22,11,0,3,0,5,4,0,5,0,0,0,0,0,2,0,0,0,0,2,0,0,0,0,1,1,0,0,0,0,0,0,0,0,0,0,0,0,0
06/30/2021,223,0,23,246,32,208,18,144,69,9,98,108,8,36,3,26,4,45,1,4,8,40,16,24,15,2,3,0,4,2,1,2,0,0,0,0,0,2,1,0,0,0,0,0,0,0,0,0,0,0,0,0,0,0,0,0,0,0,0,0,0,0
07/01/2021,204,1,19,236,35,219,18,119,67,16,114,160,4,34,3,24,5,42,1,6,9,47,41,12,10,3,6,0,3,3,1,1,1,1,2,0,1,5,1,0,0,0,3,0,0,0,0,0,0,0,0,0,0,0,0,0,0,0,0,0,0,0
07/02/2021,232,0,9,220,42,220,19,152,73,16,102,122,4,37,5,28,7,40,3,1,10,38,19,27,20,2,5,0,5,1,2,2,0,0,0,0,0,3,0,1,0,0,3,0,0,0,0,0,0,0,0,0,0,0,0,0,0,0,0,0,0,0
07/03/2021,144,1,12,229,34,211,22,140,71,20,89,119,8,36,2,31,12,40,2,8,5,43,9,24,13,3,3,0,2,3,0,2,0,0,0,0,0,0,0,0,1,0,2,0,0,0,0,0,0,0,0,0,0,0,0,0,0,0,0,0,0,0
07/04/2021,120,4,23,179,46,209,11,159,90,19,78,143,1,39,10,22,12,46,1,7,2,35,4,34,4,1,5,2,1,3,1,4,0,0,1,0,0,0,0,0,0,1,2,0,0,0,0,0,0,0,0,0,0,0,0,0,0,0,0,0,0,0
07/05/2021,185,0,25,225,30,209,22,183,77,19,81,133,2,31,8,32,10,51,1,5,6,57,8,22,8,0,4,1,4,2,0,4,0,0,1,0,0,3,1,0,0,0,0,0,0,0,0,0,0,0,0,0,0,0,0,0,0,0,0,0,0,0
07/06/2021,360,1,17,247,40,194,20,101,57,11,108,106,8,34,0,28,5,37,0,4,14,49,16,29,16,1,7,0,3,5,0,4,0,0,0,0,1,7,0,0,0,0,0,0,0,0,0,0,0,0,0,0,0,1,0,0,0,0,0,0,0,0
07/07/2021,397,2,19,248,45,226,14,128,65,21,85,150,9,33,5,24,6,58,3,0,5,49,29,16,17,6,5,0,2,3,2,0,0,0,2,0,0,3,0,0,0,0,0,0,0,1,0,0,0,0,0,0,0,0,0,0,0,0,0,0,0,0
07/08/2021,367,0,18,245,48,231,6,135,67,10,97,121,3,30,4,35,3,44,2,1,2,49,40,23,16,2,2,1,6,6,2,2,2,1,0,0,0,0,1,0,0,0,1,0,0,0,0,0,0,0,0,0,0,0,0,0,0,0,0,0,0,0
07/09/2021,369,0,22,239,34,216,9,135,59,15,105,120,10,32,2,33,2,35,2,5,2,50,19,26,7,1,5,0,0,2,1,1,0,1,0,0,0,1,1,2,0,0,0,0,0,0,0,0,0,0,0,0,0,0,0,0,0,0,0,0,0,0
07/10/2021,236,1,11,205,49,230,21,163,58,26,100,111,5,33,2,25,11,23,4,6,6,56,16,26,33,4,4,0,1,2,2,3,0,0,0,0,0,3,1,0,0,0,1,0,0,1,0,0,0,0,0,0,0,0,0,0,0,0,0,0,0,0
07/11/2021,267,4,13,222,51,240,27,158,85,18,98,131,4,35,1,34,12,59,7,0,1,53,3,22,6,0,3,0,2,1,0,2,0,0,0,0,0,3,0,0,0,0,0,0,0,0,0,2,0,0,0,0,0,0,0,0,0,0,0,0,0,0
07/12/2021,473,0,12,235,47,192,20,150,93,10,118,111,3,39,1,25,5,37,2,4,4,57,11,23,5,3,3,0,2,6,0,2,1,0,2,0,0,1,0,0,0,0,0,0,0,0,0,1,0,0,0,0,0,0,0,0,0,0,0,0,0,0
07/13/2021,456,0,16,262,28,217,16,140,73,14,108,118,8,43,5,33,3,39,5,2,8,48,22,36,20,3,4,1,8,3,1,4,0,0,0,0,0,4,0,1,0,0,0,0,0,0,0,0,0,0,0,0,0,0,1,0,0,0,0,0,0,0
07/14/2021,544,2,18,245,42,206,13,126,55,11,110,130,12,29,2,25,3,43,4,1,7,58,26,29,13,6,9,1,5,8,2,4,2,0,1,0,1,0,0,2,0,0,1,0,1,0,0,1,0,0,0,0,0,0,0,0,0,0,0,0,0,0
07/15/2021,548,1,10,264,29,226,22,153,68,16,106,138,12,33,2,40,5,51,3,1,5,54,44,32,12,4,5,1,2,7,1,0,1,1,2,0,0,5,1,1,0,0,0,0,0,0,0,0,0,0,0,0,0,0,0,0,0,0,0,0,0,0
07/16/2021,552,2,15,278,48,195,17,140,79,22,131,135,10,34,4,30,6,54,3,3,8,50,21,17,18,2,6,0,2,5,0,4,2,0,2,0,0,3,0,1,0,0,0,0,0,0,0,0,0,0,0,0,0,0,0,0,0,0,0,0,0,0
07/17/2021,340,1,17,228,48,226,18,179,70,22,83,136,6,35,0,40,8,58,2,6,3,30,9,23,11,7,1,0,5,2,2,2,0,1,1,0,0,0,0,1,0,0,0,0,0,0,0,1,0,0,0,0,0,0,0,0,0,0,0,0,0,0
07/18/2021,387,2,17,249,43,210,15,134,74,17,78,132,15,30,4,27,5,47,3,7,0,51,5,33,6,4,8,1,4,1,0,0,1,0,1,0,0,3,0,0,0,0,0,0,0,0,1,0,0,0,0,0,0,0,0,0,0,0,0,0,0,0
07/19/2021,805,1,7,247,42,197,11,133,60,15,96,125,8,26,1,33,6,35,2,3,8,60,13,27,16,8,4,0,2,7,3,1,1,0,0,0,0,2,0,0,0,0,0,0,0,0,0,0,0,0,0,0,0,0,0,0,0,0,0,0,0,0
07/20/2021,703,0,20,257,27,212,26,145,59,19,112,118,4,42,3,40,4,46,2,1,8,55,18,25,17,2,10,0,4,5,3,1,0,1,0,0,2,3,0,1,0,0,0,0,0,0,0,0,0,0,0,0,0,0,0,0,0,0,0,0,0,0
07/21/2021,890,0,15,251,36,204,15,148,61,21,96,129,9,27,2,29,6,38,3,4,6,48,25,19,12,2,10,1,4,3,2,0,0,0,0,0,0,3,0,0,0,0,0,1,0,0,0,0,0,0,0,0,0,0,0,0,0,0,0,0,0,0
07/22/2021,967,1,19,240,55,214,16,144,66,11,89,145,8,34,6,35,0,44,0,2,5,44,56,24,9,2,10,2,4,1,0,2,0,0,1,0,1,1,1,3,1,0,0,0,0,0,0,0,0,0,0,0,0,0,0,0,0,0,0,0,0,0
07/23/2021,911,0,24,272,35,205,11,149,60,22,130,132,5,54,4,38,10,39,1,3,4,57,14,25,14,3,9,0,6,4,2,4,0,1,2,0,0,3,0,0,0,0,0,0,0,0,10,0,0,0,0,0,0,0,0,0,0,0,0,0,0,0
07/24/2021,550,2,17,225,49,212,26,172,78,19,99,127,9,33,14,39,13,45,5,5,2,40,9,26,15,0,9,0,6,2,1,1,0,1,0,0,1,2,0,1,0,0,0,0,0,0,0,0,0,0,0,0,0,0,0,0,0,0,0,0,0,0
07/25/2021,631,2,12,194,53,202,18,178,78,11,93,116,6,28,10,30,9,45,1,0,4,52,2,20,5,3,7,0,3,2,0,0,0,1,0,0,0,2,1,0,0,0,0,0,0,0,0,0,0,0,0,0,0,0,0,0,0,0,0,0,0,0
07/26/2021,1215,1,8,247,29,199,14,153,73,20,123,114,12,25,4,40,2,38,1,1,4,67,13,25,8,1,8,2,1,3,0,1,3,0,1,0,0,4,1,1,0,0,0,0,0,0,0,0,0,0,0,0,0,0,0,0,0,0,0,0,0,0
07/27/2021,1197,0,17,257,36,188,15,140,52,20,80,126,9,31,4,39,2,39,1,4,8,53,23,21,18,7,4,0,5,8,1,1,1,1,0,0,3,1,0,0,0,0,1,0,0,0,0,0,0,0,0,0,0,0,0,0,0,0,0,0,0,0
07/28/2021,1239,0,17,236,51,211,18,129,71,11,112,140,14,36,2,38,3,39,5,4,11,50,31,21,20,1,6,1,2,9,2,0,0,1,0,0,1,1,1,1,0,0,0,0,0,0,10,0,0,0,0,0,0,0,0,0,0,0,0,0,0,0
07/29/2021,1283,0,10,240,35,183,13,129,58,23,118,94,7,39,2,42,1,41,1,3,5,41,42,21,11,3,7,0,3,2,1,1,0,1,0,0,1,2,0,0,2,0,0,0,0,0,0,0,0,0,0,0,0,0,0,0,0,0,0,0,0,0
07/30/2021,1274,2,16,222,32,209,13,136,63,14,114,123,7,34,5,27,4,50,3,4,5,43,16,35,10,5,6,0,4,2,0,2,0,0,2,0,0,0,0,0,0,0,1,0,0,0,0,0,0,0,0,0,0,0,0,0,0,0,0,0,0,0
07/31/2021,846,1,17,225,50,186,17,180,75,15,91,118,8,35,7,34,8,50,0,6,2,33,4,26,3,0,2,0,4,4,1,0,0,1,0,0,0,1,0,0,0,0,0,0,1,0,0,0,0,0,0,0,0,0,0,0,0,0,0,0,0,0
08/01/2021,823,2,11,240,43,207,13,152,81,33,85,147,6,34,1,15,8,43,2,5,6,54,6,19,12,7,4,0,0,4,1,1,0,1,1,0,0,1,0,0,0,0,0,0,1,0,0,0,0,0,0,0,0,0,0,0,0,0,0,0,0,0
08/02/2021,1560,0,11,238,35,225,17,129,63,11,104,115,7,23,2,33,9,49,6,3,7,50,19,20,5,3,7,0,0,4,1,0,1,1,0,0,0,5,0,0,0,0,0,0,0,0,0,0,0,0,0,0,0,0,0,0,0,0,0,0,0,0
08/03/2021,1571,4,13,227,34,217,12,137,58,12,103,118,11,34,1,37,5,50,0,2,6,58,16,31,8,4,6,2,5,4,2,2,0,1,1,0,0,3,0,1,0,0,0,0,0,0,0,0,0,0,0,0,0,0,0,0,0,0,0,0,0,0
08/04/2021,1600,4,19,251,28,232,12,123,77,13,101,115,9,31,6,36,3,46,2,2,7,42,34,31,20,1,3,0,7,4,0,0,1,1,0,0,0,1,0,0,0,0,0,0,1,0,0,1,0,0,0,0,0,0,0,0,0,0,0,0,0,0
08/05/2021,1521,1,15,238,31,206,17,120,48,16,100,118,6,32,7,48,5,34,2,6,6,42,76,26,14,2,5,1,4,3,0,3,0,0,0,0,0,3,0,4,0,0,0,0,0,0,0,0,0,0,0,0,0,0,0,0,0,0,0,0,0,0
08/06/2021,1568,1,26,259,39,231,14,156,57,13,121,105,5,45,5,36,7,36,0,6,3,44,19,40,17,2,7,0,4,3,0,3,0,0,1,0,0,1,0,1,0,0,0,1,0,0,0,1,0,0,0,0,0,0,0,0,0,0,0,0,0,0
08/07/2021,1141,5,16,215,42,196,25,158,75,15,99,141,11,28,6,31,23,38,2,4,4,34,8,27,11,4,2,0,1,3,1,1,1,1,3,0,0,1,0,0,0,0,0,0,0,0,0,0,0,0,0,0,0,0,0,0,0,0,0,0,0,0
08/08/2021,1065,3,14,225,36,205,14,137,69,10,84,110,9,32,1,24,16,31,2,6,4,39,3,25,10,3,5,1,4,3,0,1,0,0,0,0,0,1,0,0,0,0,0,0,1,0,0,0,0,0,0,0,0,0,0,0,0,0,0,0,0,0
08/09/2021,1883,0,7,237,45,198,15,126,66,19,120,119,5,42,2,27,6,58,0,7,6,48,14,27,10,4,9,0,0,5,0,1,0,2,3,0,0,2,0,0,0,0,0,1,0,0,0,0,0,0,0,0,0,0,0,0,0,0,0,0,0,0
08/10/2021,1660,1,14,243,42,227,18,121,53,14,94,115,10,40,4,30,5,37,2,5,9,53,21,31,10,1,4,0,2,3,0,2,1,0,1,0,0,1,1,1,0,0,0,0,0,0,0,0,0,0,0,0,0,0,0,0,0,0,0,0,0,0
08/11/2021,1746,1,13,251,42,225,13,148,71,13,94,122,10,21,4,37,6,40,1,3,6,46,28,25,20,2,6,0,5,5,0,1,0,2,1,0,0,2,2,0,0,0,1,0,0,0,0,0,0,0,0,0,1,0,0,0,0,0,0,0,0,0
08/12/2021,1755,1,19,220,41,224,16,127,72,23,120,113,9,35,5,29,7,48,0,5,3,49,44,29,10,3,5,1,8,7,1,1,0,3,0,0,0,0,0,0,0,0,0,0,0,0,0,0,0,0,0,0,0,0,0,0,0,0,0,0,0,0
08/13/2021,1596,3,14,264,27,235,26,147,80,15,99,132,10,26,4,47,3,49,0,1,5,46,31,30,18,6,3,0,6,1,0,2,0,1,1,0,0,2,0,1,0,0,0,0,0,0,0,0,0,0,0,0,0,0,0,0,0,0,0,0,0,0
08/14/2021,1039,3,15,217,42,194,15,167,76,18,104,136,12,25,5,33,7,40,3,4,4,45,10,23,10,4,7,0,7,7,0,2,0,2,1,1,0,1,0,0,0,0,1,0,0,0,0,0,0,0,0,0,0,0,0,0,0,0,0,0,0,0
08/15/2021,1137,1,16,218,41,201,10,176,73,18,104,120,10,25,3,29,8,56,2,3,2,44,10,28,6,3,3,0,0,4,0,2,1,0,0,0,1,3,0,0,0,0,0,0,0,1,0,2,0,0,0,0,0,0,0,0,0,0,0,0,0,0
08/16/2021,1916,1,7,250,36,228,21,124,68,17,99,127,4,30,1,41,6,41,1,1,5,55,12,29,10,2,7,1,2,1,0,6,0,1,1,0,0,2,0,0,0,0,0,0,0,0,0,0,0,0,0,0,0,0,0,1,0,0,0,0,0,0
08/17/2021,1734,1,27,229,46,182,12,130,61,16,109,127,8,27,2,35,4,36,2,2,4,41,22,22,16,5,4,0,6,4,2,1,1,0,1,0,2,6,0,0,0,0,0,0,0,0,0,0,0,0,0,0,0,1,1,0,0,0,0,0,0,0
08/18/2021,1812,2,14,240,36,223,18,134,53,20,116,127,14,31,5,25,5,39,1,2,4,54,34,32,15,2,6,2,2,3,1,2,0,0,0,0,1,1,1,0,0,0,0,0,0,0,0,0,0,1,0,0,0,0,0,0,0,0,0,0,0,0
08/19/2021,1682,2,29,247,37,206,17,146,64,13,92,111,10,39,2,26,7,39,1,1,4,50,38,27,9,4,7,1,7,4,1,3,1,0,1,0,0,3,0,2,0,0,0,0,0,0,0,0,0,0,0,0,0,0,0,0,0,0,0,0,0,0
08/20/2021,1548,0,18,239,35,205,21,144,56,16,129,124,4,54,3,33,4,42,3,3,6,53,18,24,14,8,7,0,1,1,0,2,2,0,1,0,0,0,1,0,1,0,0,0,0,0,0,0,0,0,0,0,0,0,0,0,0,0,0,0,0,0
08/21/2021,1081,0,17,219,37,225,18,145,71,22,100,134,6,31,8,40,4,44,5,5,2,43,8,29,3,2,6,0,0,2,2,1,1,1,2,0,0,3,1,0,0,0,0,0,0,0,0,0,0,0,0,0,0,0,0,0,0,0,0,0,0,0
08/22/2021,715,0,7,180,36,179,14,127,79,13,79,94,5,30,2,24,13,32,2,7,1,45,8,22,7,3,5,0,2,5,0,4,0,0,0,0,0,0,0,0,0,0,0,0,0,0,0,0,0,0,0,0,0,0,0,0,0,0,0,0,0,0
08/23/2021,1944,2,13,232,33,201,16,146,65,19,90,123,2,29,1,24,4,38,3,0,10,49,11,19,2,4,6,2,3,7,0,1,0,0,0,0,0,0,0,0,0,0,0,0,1,0,0,0,0,0,0,0,0,0,0,0,0,0,0,0,0,0
08/24/2021,1826,2,12,232,32,209,22,130,61,14,100,136,4,27,3,35,4,36,0,2,5,42,35,24,5,3,9,0,5,2,1,1,0,0,0,0,2,2,1,1,1,0,0,0,0,0,0,0,0,0,0,1,0,0,0,0,0,0,0,0,0,0
08/25/2021,1768,0,18,244,35,213,19,152,66,16,109,124,7,37,2,27,4,44,1,1,8,54,33,21,6,5,6,0,5,8,1,1,0,0,1,0,2,1,0,0,0,0,0,0,0,0,0,0,0,0,0,0,0,0,0,0,0,0,0,0,0,0
08/26/2021,1632,2,16,222,37,180,15,148,48,18,118,114,8,28,5,25,2,40,2,2,8,49,30,37,18,4,6,1,6,3,0,0,0,1,0,0,2,2,1,0,0,0,0,0,0,0,0,0,1,0,1,0,0,0,0,0,0,0,0,0,0,0
08/27/2021,1438,3,11,221,43,226,15,120,77,17,120,114,3,50,3,36,7,32,4,3,4,35,15,28,14,6,4,0,6,5,3,4,0,0,2,0,0,1,0,2,0,0,0,0,0,0,0,0,0,0,0,0,0,0,0,0,0,0,0,0,0,0
08/28/2021,976,2,21,221,48,213,13,177,59,13,105,118,8,36,6,35,10,32,1,2,1,45,8,21,5,4,6,0,2,4,1,3,0,0,0,0,1,1,0,0,0,0,4,0,0,0,0,0,0,0,0,0,0,0,0,0,0,0,0,0,0,0
08/29/2021,979,1,8,226,32,183,8,144,75,24,95,93,8,27,4,26,19,42,3,2,2,39,9,27,5,2,6,1,4,3,2,1,0,1,0,0,0,3,0,0,0,0,0,0,0,0,0,0,1,0,0,0,0,0,0,0,0,0,0,0,0,0
08/30/2021,1828,1,7,234,35,230,11,146,72,19,119,138,2,30,3,38,4,49,0,1,4,49,15,18,8,3,3,0,3,6,1,0,2,0,2,0,0,1,2,0,0,0,0,0,0,0,0,0,0,0,0,0,0,0,0,0,0,0,0,0,0,0
08/31/2021,1617,5,8,215,32,216,19,140,62,14,95,157,7,25,3,34,5,32,0,5,5,46,22,30,16,1,4,0,3,1,2,0,0,0,0,0,2,1,0,1,0,0,0,0,0,0,0,0,0,0,0,0,0,0,0,0,0,0,0,0,0,0
09/01/2021,1551,2,15,228,37,180,18,105,49,15,111,118,1,29,0,38,7,31,2,3,6,54,17,23,14,5,3,1,3,3,1,0,1,0,2,0,1,3,1,0,0,0,0,0,0,0,0,0,0,0,0,0,0,0,0,0,0,0,0,0,0,0
09/02/2021,1425,0,21,223,32,180,16,117,69,11,95,126,4,21,6,38,8,28,2,0,2,43,29,32,7,3,12,0,3,1,0,1,1,0,2,0,0,0,0,1,0,0,0,0,0,0,0,0,0,0,0,0,0,0,0,0,0,0,0,0,0,0
09/03/2021,1411,3,20,234,29,179,12,126,75,13,120,140,10,36,3,38,5,46,0,3,5,38,25,21,8,3,4,0,3,3,2,0,1,0,0,1,0,1,0,0,0,0,0,0,0,0,0,0,0,0,0,0,0,0,0,0,0,0,0,0,0,0
09/04/2021,901,3,20,198,36,199,17,160,89,20,111,105,4,30,10,37,17,51,2,1,1,43,33,29,4,1,7,1,5,3,0,2,0,0,0,0,0,4,0,0,1,0,0,0,0,0,0,0,0,0,0,0,0,0,0,0,0,0,0,0,0,0
09/05/2021,944,3,21,200,46,204,9,158,81,15,83,120,7,32,1,32,13,39,3,1,3,49,6,21,8,1,6,0,1,2,1,3,0,0,2,0,0,0,0,1,1,0,0,0,0,0,0,0,0,0,0,0,0,0,0,0,0,0,0,0,0,0
09/06/2021,940,1,11,202,42,233,12,133,88,11,101,110,2,24,5,37,11,44,0,2,1,32,5,16,11,1,2,1,5,1,2,3,0,0,0,0,0,3,0,1,0,0,0,0,0,1,0,2,0,1,0,0,0,0,0,0,0,0,0,0,0,0
09/07/2021,1559,2,20,245,48,196,18,119,64,17,89,113,9,32,1,35,6,36,0,6,7,63,24,18,12,2,1,1,5,2,0,4,0,0,2,0,1,2,0,1,0,0,0,0,0,0,0,0,0,0,0,0,0,0,0,0,0,0,0,0,0,0
09/08/2021,1581,0,20,242,37,204,18,107,75,17,112,93,9,29,5,25,5,35,0,2,3,52,30,25,10,2,3,0,1,1,0,2,1,0,0,0,0,2,0,0,0,0,0,0,0,0,0,0,0,0,0,0,0,0,0,0,0,0,0,0,0,0
09/09/2021,1707,1,12,233,40,199,15,128,51,14,98,105,8,35,1,34,5,30,0,3,6,55,27,16,14,3,2,2,8,1,0,1,0,0,1,0,3,4,0,0,0,0,0,0,0,0,0,4,0,0,0,0,0,0,0,0,0,0,0,0,0,0
09/10/2021,1537,2,14,235,41,199,20,138,57,7,126,124,11,49,3,30,5,32,0,3,4,51,12,34,12,2,4,0,3,5,0,2,0,0,0,0,0,3,1,1,0,0,0,0,0,0,0,0,0,0,0,0,0,0,0,0,0,0,0,0,0,0
09/11/2021,1032,3,19,206,43,218,14,190,87,9,104,118,4,36,6,17,9,39,3,2,5,34,10,32,9,2,2,0,5,3,1,1,0,0,0,0,0,0,1,0,0,0,0,0,0,0,1,0,0,0,0,0,0,0,0,0,0,0,0,0,0,0
09/12/2021,1207,4,12,196,50,232,20,184,81,17,94,116,6,28,5,29,10,38,2,0,2,46,8,31,10,5,6,0,4,2,0,2,1,1,1,0,0,1,0,0,0,0,0,0,0,0,0,0,0,0,0,0,0,0,0,0,0,0,0,0,0,0
09/13/2021,1723,2,9,236,39,234,17,144,66,11,119,126,6,38,2,32,8,33,1,1,3,51,15,28,8,5,6,0,5,3,0,1,0,1,1,0,0,1,0,0,0,0,0,0,0,0,0,0,2,0,0,0,0,0,0,0,0,0,0,0,0,0
09/14/2021,1635,0,16,267,39,219,17,142,58,15,120,134,6,38,0,30,2,39,1,4,7,43,24,27,13,1,7,0,2,3,0,0,0,0,1,0,2,4,0,0,0,0,0,0,0,0,0,0,0,0,0,0,0,0,0,0,0,0,0,0,0,0
09/15/2021,1604,2,18,246,43,227,14,159,86,17,100,120,13,38,2,32,4,40,1,5,4,45,30,34,13,4,6,0,6,3,1,1,1,1,2,0,0,1,0,1,0,0,0,0,0,0,0,0,0,0,0,0,0,0,0,0,0,0,0,0,0,0
09/16/2021,1384,2,16,254,38,221,23,152,58,23,97,132,6,45,1,35,5,45,1,2,3,61,33,13,15,3,5,1,4,6,0,0,0,0,0,0,1,0,0,5,0,0,1,0,1,1,0,0,0,0,0,0,0,0,0,0,0,0,0,0,0,0
09/17/2021,1518,0,19,251,40,248,39,168,57,17,132,129,3,48,4,33,15,58,1,2,3,58,27,30,6,2,4,0,3,2,1,0,1,1,1,0,0,1,0,1,1,0,0,0,0,0,0,0,0,0,0,0,0,0,0,0,0,0,0,0,0,0
09/18/2021,945,2,18,226,52,223,14,159,77,19,100,127,11,35,8,33,12,44,2,6,4,47,14,30,8,4,9,0,2,4,0,0,1,1,0,0,1,2,1,0,0,0,0,0,0,0,0,0,0,0,0,0,0,0,0,0,0,0,0,0,0,0
09/19/2021,1051,1,10,199,43,197,21,195,82,18,92,117,4,36,3,24,6,41,2,3,1,48,4,26,5,3,8,0,1,2,0,1,1,0,0,0,1,1,0,0,0,0,0,0,0,0,0,0,0,0,0,0,0,0,0,0,0,0,0,0,0,0
09/20/2021,1632,3,13,233,34,239,13,151,56,14,104,120,4,44,1,27,6,44,2,3,6,53,6,18,5,3,5,0,1,2,2,3,0,0,1,0,0,3,0,0,0,0,0,0,0,0,0,0,0,0,0,0,0,0,0,0,0,0,0,0,0,0
09/21/2021,1282,0,14,272,29,209,16,138,70,9,114,112,7,43,6,28,3,40,0,1,6,50,34,30,8,2,6,1,4,4,1,1,1,0,0,0,0,3,1,0,0,0,0,0,0,0,0,0,0,0,0,0,0,0,0,0,0,0,0,0,0,0
09/22/2021,1402,0,24,242,57,274,11,142,66,11,109,129,6,33,3,28,4,31,3,5,4,39,32,17,16,2,2,2,4,3,1,1,2,0,0,0,0,2,1,0,0,1,0,0,0,0,0,0,0,0,0,0,0,0,0,0,0,0,0,0,0,0
09/23/2021,1274,1,14,263,39,226,16,173,65,11,89,156,8,44,1,35,0,26,0,1,0,44,34,20,6,2,6,1,4,2,1,1,0,0,1,0,3,0,1,0,0,0,0,0,0,0,0,0,0,0,0,0,0,0,0,0,0,0,0,0,0,0
09/24/2021,1215,2,17,262,56,215,22,149,73,12,114,113,6,47,4,37,7,39,2,2,1,38,17,33,14,1,6,1,4,0,1,1,0,2,0,0,0,0,1,0,1,0,0,0,0,0,0,0,0,0,0,0,0,0,0,0,0,0,0,0,0,0
09/25/2021,802,0,14,230,42,209,16,172,87,15,101,128,5,34,6,43,11,48,3,2,5,31,15,32,4,1,5,0,3,2,1,0,0,1,1,0,0,1,0,0,1,0,0,0,0,0,0,0,0,0,0,0,0,0,0,0,0,0,0,0,0,0
09/26/2021,849,1,12,192,49,198,11,166,82,18,109,141,6,30,3,29,10,41,1,1,3,40,11,25,6,3,3,1,4,0,2,2,2,0,2,0,0,0,0,0,0,0,0,0,0,0,0,0,0,0,0,0,0,0,0,0,0,0,0,0,0,0
09/27/2021,1373,0,17,247,44,207,21,155,68,6,111,106,6,36,3,34,6,48,0,2,4,45,13,26,3,3,5,1,5,6,0,1,0,0,1,1,0,1,1,0,0,0,0,0,0,0,0,0,0,0,0,0,0,0,0,0,0,0,0,0,0,0
09/28/2021,1108,2,13,243,44,205,10,155,62,13,80,90,10,37,1,29,7,41,4,0,6,43,23,20,10,3,0,0,11,5,1,1,2,0,0,0,3,1,0,0,0,0,0,0,0,0,0,0,0,0,0,0,0,0,0,0,0,0,0,0,0,0
09/29/2021,1087,4,16,192,46,201,12,165,53,14,76,93,8,31,2,29,6,37,3,0,2,34,31,29,13,2,4,0,6,2,0,0,2,2,0,0,0,4,1,2,0,0,0,0,0,0,0,0,0,0,0,0,0,0,0,0,0,0,0,0,0,0
09/30/2021,1125,2,14,144,42,175,10,103,44,8,47,64,8,19,4,15,3,36,1,2,0,29,20,23,9,3,5,0,5,2,1,2,1,1,1,0,0,2,0,0,0,0,0,0,0,0,0,0,0,0,0,0,0,0,0,0,0,0,0,0,0,0
